Partname,PowerW,Speedmms,EnergydensityJmm3,Hatchdistancemm,Layerthickmm,Time,Numpoints,EMapproxmean,EMapproxstd,EMapproxenergy,cD2detailpeak,cD2detailstd,cD2detailenergy,cD2detailentropy,cD2detailvariance,cD2detailskew,cD2detailkurt,cD1detailpeak,cD1detailstd,cD1detailenergy,cD1detailentropy,cD1detailvariance,cD1detailskew,cD1detailkurt,EMADRratio,EManomalydensity
H4_remelt,199,1200,92.13,0.06,0.03,0.18,197553,1677.019162,67.68742786,1.39E+11,77.82097706,17.36248125,14889838.4,-95196802.67,301.4557552,0.032732221,-0.181000743,70.86167346,17.73224525,31059645.17,-199949598.3,314.4325216,-0.00551369,-0.238848041,3028.082764,0.001224944
H4_remelt,199,1200,92.13,0.06,0.03,0.21,194418,1681.236145,67.65503116,1.38E+11,66.63998225,17.33000153,14598758.22,-93360244.21,300.328953,0.032829852,-0.161713244,69.13279615,17.71054631,30491880.56,-196163669.4,313.6634508,-0.016190936,-0.254878513,3052.041572,0.001069827
H4_remelt,199,1200,92.13,0.06,0.03,0.24,206640,1678.259161,72.17617101,1.46E+11,71.55959762,17.42499685,15687095.73,-100357466.6,303.6305154,0.03637891,-0.204566003,78.0278923,17.73421716,32495355.06,-209152666.4,314.5024584,-0.013636452,-0.238565074,3025.715668,0.001190442
H4_remelt,199,1200,92.13,0.06,0.03,0.27,194439,1693.640247,74.14751491,1.40E+11,67.57728724,17.29788784,14546432.87,-92873728.67,299.2169238,0.02580578,-0.192592288,71.03115188,17.69769169,30451158.81,-195808513.1,313.2082912,-0.016521215,-0.247290439,3104.952494,0.001141705
H4_remelt,199,1200,92.13,0.06,0.03,0.3,195584,1692.929944,77.70946854,1.40E+11,70.1918275,17.35829524,14734478.53,-94271903.08,301.3104136,0.022012574,-0.157638985,73.19282889,17.74376211,30789884.9,-198251289.9,314.8410937,-0.018546096,-0.238622425,3085.076512,0.001135027
H4_remelt,199,1200,92.13,0.06,0.03,0.33,196062,1690.923764,74.66242246,1.40E+11,74.50363662,17.32251071,14709651.45,-93951262.91,300.0693771,0.025462622,-0.196189754,68.36418427,17.75932894,30919313.94,-199152787.4,315.3937643,-0.027281103,-0.245439601,3077.702501,0.001101659
H4_remelt,199,1200,92.13,0.06,0.03,0.36,191925,1692.055247,73.65165219,1.38E+11,79.13986552,17.45737332,14624207.91,-93574062.27,304.7598831,0.005653058,-0.200222501,65.92408184,17.78286334,30347354.95,-195407170.9,316.2302286,-0.021237126,-0.259900245,3060.749011,0.0011775
H4_remelt,199,1200,92.13,0.06,0.03,0.39,188129,1688.389564,73.9778144,1.34E+11,71.63938942,17.31734775,14105955.49,-90040038.55,299.8905332,0.0426106,-0.194359573,77.90390597,17.71580828,29523230.18,-189906589.5,313.8498631,-0.007996796,-0.249095751,3079.220492,0.001201259
H4_remelt,199,1200,92.13,0.06,0.03,0.42,195584,1703.345771,80.80283462,1.42E+11,74.76058509,17.39577157,14798136.64,-94620032.45,302.6128684,0.026216007,-0.190132845,68.54034629,17.78712071,30940552.63,-199313548.3,316.3816632,-0.01216121,-0.247760201,3108.965262,0.00119638
H4_remelt,199,1200,92.13,0.06,0.03,0.45,198656,1698.789419,79.33391206,1.44E+11,69.40422874,17.39821931,15034719.69,-96200514.45,302.6980351,0.038145114,-0.174916916,67.13417839,17.84180512,31620156.58,-203886113.3,318.3300101,-0.019433088,-0.248871239,3079.027706,0.001248351
H4_remelt,199,1200,92.13,0.06,0.03,0.48,194981,1696.259078,76.3260009,1.41E+11,73.84155069,17.43922627,14826181.31,-94940855.81,304.1266129,0.029729962,-0.175097908,68.85039844,17.81515099,30942612.8,-199404560.6,317.3796047,-0.022583748,-0.253862334,3070.91607,0.001066732
H4_remelt,199,1200,92.13,0.06,0.03,0.51,195328,1697.733889,77.06978999,1.41E+11,67.78405164,17.45282735,14875809.55,-95248211.72,304.6011825,0.023884581,-0.186484447,76.61576572,17.82878871,31045224.58,-200067746.1,317.865707,-0.019433848,-0.257647662,3071.642111,0.001167232
H4_remelt,199,1200,92.13,0.06,0.03,0.54,198575,1690.227543,75.00497478,1.42E+11,68.53960355,17.37335025,14985721.52,-95765450.35,301.8332991,0.027230048,-0.199196125,69.98042952,17.83305481,31576340.43,-203645342.4,318.0178439,-0.021093989,-0.234006418,3052.270519,0.001248854
H4_remelt,199,1200,92.13,0.06,0.03,0.57,193185,1708.28419,83.03315426,1.41E+11,69.48136407,17.49178938,14778339.86,-94698015.41,305.9626958,0.004808068,-0.182356008,67.93595851,17.88364016,30893783.25,-199248636.2,319.8245854,-0.027328053,-0.258677729,3093.499152,0.001076649
H4_remelt,199,1200,92.13,0.06,0.03,0.6,187243,1705.228362,79.87055748,1.36E+11,65.4999785,17.41652548,14201292.91,-90858000.62,303.3353597,0.036718039,-0.186612495,72.56592915,17.83633418,29785513.24,-191952027,318.1348169,-0.023064363,-0.26406806,3101.620842,0.000982644
H4_remelt,199,1200,92.13,0.06,0.03,0.63,195308,1699.509802,78.2806186,1.41E+11,67.57789639,17.41518403,14810264.62,-94774870.08,303.2886347,0.024351142,-0.186420789,78.9069242,17.87837858,31214735.69,-201503665.3,319.6364207,-0.02877629,-0.233474977,3070.990532,0.001208311
H4_remelt,199,1200,92.13,0.06,0.03,0.66,190341,1700.432981,76.76208561,1.38E+11,70.58627485,17.51568316,14600577.35,-93526564.82,306.7991566,0.033361608,-0.198418619,71.11623957,17.91629352,30550351.52,-197127870.4,320.9935737,-0.027635774,-0.263131441,3053.881537,0.001071721
H4_remelt,199,1200,92.13,0.06,0.03,0.69,191922,1700.28834,77.4730295,1.39E+11,69.5231403,17.40950038,14544037.45,-93031755.03,303.0907033,0.017971465,-0.190976897,73.89432676,17.8719469,30651890.46,-197532802.7,319.4064862,-0.02264446,-0.281932277,3075.757313,0.001010796
H4_remelt,199,1200,92.13,0.06,0.03,0.72,194560,1709.474866,82.10570889,1.42E+11,70.01320109,17.41324004,14750182.09,-94461121.52,303.2209288,0.039086619,-0.150399927,74.80927781,17.84520738,30979943.87,-199778332.3,318.4514263,-0.026814834,-0.250933193,3115.745329,0.000945695
H4_remelt,199,1200,92.13,0.06,0.03,0.75,186368,1708.61796,77.60329474,1.36E+11,73.34052595,17.44169961,14175472.17,-90642596.81,304.2128853,0.034382822,-0.217106828,68.4172563,17.84437431,29672819.92,-191340107.9,318.4216947,-0.026536016,-0.250062367,3108.78134,0.001169691
H4_remelt,199,1200,92.13,0.06,0.03,0.78,199989,1697.663448,76.93071302,1.44E+11,73.55545843,17.45524044,15234881.57,-97535505.12,304.6854189,0.035342435,-0.189766117,72.54369444,17.86862077,31928124.46,-205852730.8,319.2876081,-0.023134635,-0.267997256,3061.822476,0.001060021
H4_remelt,199,1200,92.13,0.06,0.03,0.81,194841,1701.135727,76.38182302,1.41E+11,71.70258674,17.37979135,14714725.6,-94058424.25,302.0571475,0.024108245,-0.183408892,70.81986036,17.90294655,31225938.73,-201580978.3,320.5154952,-0.017843479,-0.234632122,3074.808313,0.001283051
H4_remelt,199,1200,92.13,0.06,0.03,0.84,196154,1699.885059,77.76408579,1.42E+11,73.94069969,17.43083896,14900948.37,-95343939.38,303.8341468,0.033123113,-0.18875863,78.21730529,17.89663608,31414049.41,-202719253.8,320.2895829,-0.022125691,-0.249832807,3066.213688,0.001090946
H4_remelt,199,1200,92.13,0.06,0.03,0.87,196086,1708.978691,81.94837643,1.44E+11,67.30924542,17.48473288,14988057.75,-95946749.38,305.7158839,0.025344432,-0.22360239,67.71368648,17.92774981,31512411.25,-203447947.7,321.4042131,-0.023003196,-0.263252737,3086.312352,0.001111723
H4_remelt,199,1200,92.13,0.06,0.03,0.9,195656,1703.115488,80.57978808,1.42E+11,71.33383278,17.42492762,14853245.07,-95151554.81,303.6281026,0.04855397,-0.160802606,69.39461077,17.92189163,31422902.09,-202907424.8,321.1941995,-0.029444654,-0.248344559,3073.121078,0.001267492
H4_remelt,199,1200,92.13,0.06,0.03,0.93,195470,1699.516737,76.89759587,1.41E+11,72.01623257,17.50205431,14970564.19,-96012363.85,306.3219051,0.032532667,-0.159740609,69.10283913,18.0468611,31832254.19,-206007944.7,325.6891954,-0.026270471,-0.257226952,3022.227866,0.001104995
H4_remelt,199,1200,92.13,0.06,0.03,0.96,187392,1704.308113,74.58065856,1.36E+11,70.52183899,17.53140717,14400281.63,-92332747.16,307.3502372,0.03310015,-0.194050527,73.9375746,17.99223681,30332348.72,-196143836.9,323.7205853,-0.031908105,-0.247531841,3048.176042,0.00112061
H4_remelt,199,1200,92.13,0.06,0.03,0.99,196608,1704.094725,81.36724964,1.43E+11,73.57120036,17.46889097,15001111.8,-96209760.58,305.1621517,0.035663488,-0.144782479,73.72567931,18.00526206,31870203.65,-206025868.6,324.189462,-0.034417544,-0.259226411,3052.493195,0.001098599
H4_remelt,199,1200,92.13,0.06,0.03,1.02,192512,1710.583682,83.26890428,1.41E+11,71.69051091,17.47119461,14692244.22,-94096204.11,305.2426413,0.046683341,-0.180232089,74.49527169,18.02342475,31269143.32,-202345657.8,324.8438396,-0.028570626,-0.241950505,3071.611895,0.001194693
H4_remelt,199,1200,92.13,0.06,0.03,1.05,200090,1701.953209,80.22101467,1.45E+11,68.74121376,17.54047332,15392020.61,-98763264.63,307.6682042,0.043975704,-0.171046083,70.06718836,18.00363832,32428728.93,-209802048,324.1309927,-0.026790523,-0.241502932,3037.01618,0.001169439
H4_remelt,199,1200,92.13,0.06,0.03,1.08,193600,1702.050843,76.9957835,1.41E+11,76.96974923,17.43308369,14710885.79,-94157162.35,303.9124069,0.048687372,-0.169229962,71.1549721,18.06592825,31594388.3,-204547717.7,326.3777634,-0.019341258,-0.248909275,3034.538502,0.001239631
H4_remelt,199,1200,92.13,0.06,0.03,1.11,188416,1702.035123,74.79099253,1.37E+11,75.27423688,17.50383119,14433632.71,-92507692.27,306.3841064,0.039437239,-0.182352614,70.25363765,18.03713553,30650445.87,-198294484.8,325.338258,-0.023846607,-0.262565821,3032.881886,0.000944688
H4_remelt,199,1200,92.13,0.06,0.03,1.14,197008,1708.209212,81.55835143,1.44E+11,70.61017383,17.52005067,15119547.16,-97035459.34,306.9521755,0.028513351,-0.15722395,68.3886055,18.03549091,32042416.02,-207257077.8,325.2789325,-0.034936605,-0.263875494,3054.548915,0.001015156
H4_remelt,199,1200,92.13,0.06,0.03,1.17,196607,1709.346036,82.17831546,1.44E+11,70.82676169,17.52984924,15105739.29,-96906194.84,307.2956143,0.029263241,-0.182509915,74.89407675,18.0288702,31953724.35,-206722664.8,325.0401607,-0.019761138,-0.255454813,3059.151592,0.001139288
H4_remelt,199,1200,92.13,0.06,0.03,1.2,196352,1702.804094,78.28119098,1.43E+11,67.43149446,17.51659699,15063377.51,-96524948.96,306.8311702,0.046134604,-0.192948406,75.10163246,18.03530181,31934963.04,-206685232.6,325.2721114,-0.028985135,-0.242115872,3035.171929,0.001191701
H4_remelt,199,1200,92.13,0.06,0.03,1.23,194560,1702.471235,77.92167444,1.41E+11,72.80933707,17.55404537,14989694.42,-96120794.35,308.1445089,0.024220953,-0.198481249,73.1582147,18.08644775,31823185.67,-206041104.6,327.1195923,-0.021618486,-0.252915907,3018.152994,0.001141001
H4_remelt,199,1200,92.13,0.06,0.03,1.26,187904,1703.54881,75.80649162,1.37E+11,73.21988582,17.49060259,14372543.52,-92059929.79,305.9211788,0.028870249,-0.19503248,74.45041638,18.06142657,30649554.08,-198356184.6,326.2151297,-0.025138749,-0.261217026,3034.344059,0.001053696
H4_remelt,199,1200,92.13,0.06,0.03,1.29,196608,1710.162565,82.7339286,1.44E+11,77.263651,17.56756381,15170798.88,-97357490.09,308.6192983,0.033326906,-0.158723034,69.38964698,18.0903611,32172223.56,-208279460.7,327.2611646,-0.025081779,-0.268460396,3043.823196,0.001118944
H4_remelt,199,1200,92.13,0.06,0.03,1.32,195654,1709.214123,83.21984324,1.43E+11,71.67214158,17.50877239,14996469.64,-96137771.02,306.5571107,0.034925412,-0.188510187,73.26645692,18.07813201,31972688.99,-206984474.3,326.8188571,-0.030438226,-0.259536264,3049.840897,0.001124399
H4_remelt,199,1200,92.13,0.06,0.03,1.35,191898,1703.069649,78.18673442,1.39E+11,73.32515942,17.55696327,14789386.38,-94899681.66,308.2469592,0.027495383,-0.173363659,73.70027376,18.0970651,31424688.18,-203513256.3,327.5037652,-0.031157244,-0.258563429,3017.561525,0.001177672
H4_remelt,199,1200,92.13,0.06,0.03,1.38,193024,1702.771532,77.45517145,1.40E+11,66.84369457,17.50248055,14784322.59,-94696907.58,306.3368255,0.041143833,-0.199401073,68.28990099,18.11584509,31674810.72,-205361072.2,328.1838435,-0.019258163,-0.242068775,3018.114126,0.000922136
H4_remelt,199,1200,92.13,0.06,0.03,1.41,190367,1700.409233,76.19474846,1.38E+11,69.13524028,17.52508639,14618476.25,-93845382.2,307.128653,0.056342156,-0.129277327,72.86962961,18.05461218,31028015.16,-200882508.6,325.969021,-0.027561693,-0.246762715,3020.996595,0.001134609
H4_remelt,199,1200,92.13,0.06,0.03,1.44,195505,1711.832984,86.13602898,1.44E+11,70.28047803,17.58400182,15113915.06,-97131064.91,309.1971201,0.04908238,-0.160017415,69.63178315,18.10083612,32028831.48,-207472355.9,327.6402684,-0.024128649,-0.258678242,3046.114214,0.001002496
H4_remelt,199,1200,92.13,0.06,0.03,1.47,187824,1711.261867,80.54846095,1.38E+11,67.91700401,17.62263573,14584087.84,-93625103.95,310.5572901,0.026082427,-0.206334947,72.72309274,18.08223009,30707158.57,-198847909.5,326.9670451,-0.024720697,-0.248389109,3043.106462,0.001299047
H4_remelt,199,1200,92.13,0.06,0.03,1.5,196096,1702.58281,81.61393933,1.42E+11,74.2625178,17.55759062,15114125.95,-96954961.2,308.2689884,0.059648276,-0.184908798,71.59398963,18.07279372,32025996.56,-207362670.5,326.6258729,-0.029253071,-0.255279142,3021.868726,0.001060673
H4_remelt,199,1200,92.13,0.06,0.03,1.53,195511,1703.112612,79.95523709,1.42E+11,71.58647196,17.60621999,15152739.65,-97397421.25,309.9789823,0.02942397,-0.15308936,67.48587409,18.05835942,31879728.27,-206366581.5,326.104345,-0.022887989,-0.260902229,3021.363199,0.001033153
H4_remelt,199,1200,92.13,0.06,0.03,1.56,195584,1699.515264,77.5813811,1.42E+11,81.14860883,17.47873843,14940011.53,-95850287.6,305.5062972,0.05643414,-0.139627225,71.85762477,18.09756275,32030158.95,-207597476,327.5217775,-0.033322348,-0.24247775,3013.351559,0.001135027
H4_remelt,199,1200,92.13,0.06,0.03,1.59,196479,1713.709511,85.68888523,1.45E+11,71.68726764,17.52294984,15084103.69,-96788527.47,307.0537712,0.035058217,-0.162662313,67.31344215,18.10267699,32194942.21,-208635400.5,327.7069141,-0.023896019,-0.249906323,3059.093429,0.001109494
H4_remelt,199,1200,92.13,0.06,0.03,1.62,188416,1711.076275,84.15967484,1.38E+11,82.58038461,17.66371067,14698465.38,-94547641.75,312.0066746,0.032265071,-0.158350447,70.78393511,18.109668,30897520.52,-200251091.2,327.9600752,-0.024134316,-0.234776945,3032.252652,0.001316194
H4_remelt,199,1200,92.13,0.06,0.03,1.65,194772,1703.194936,80.96904772,1.42E+11,75.78661853,17.56082705,15017618.2,-96352092.37,308.3826467,0.024569668,-0.186943997,70.20169256,18.1804931,32190029.52,-208878296,330.5303293,-0.027142201,-0.246028963,2999.216929,0.001119223
H4_remelt,199,1200,92.13,0.06,0.03,1.68,190771,1705.692656,79.26963307,1.39E+11,72.53699834,17.46036867,14541464.52,-93078540.76,304.8644742,0.033481476,-0.204454265,69.86863738,18.16045133,31459483.61,-203987630.1,329.8019927,-0.023197872,-0.255382258,3023.235092,0.001100756
H4_remelt,199,1200,92.13,0.06,0.03,1.71,191427,1702.149627,77.21086218,1.39E+11,74.09146875,17.52003897,14691418.44,-94207871.05,306.9517654,0.037224644,-0.174629811,70.98705372,18.10164111,31363668.9,-203209034.5,327.6694107,-0.028793724,-0.257851651,3017.18116,0.001096984
H4_remelt,199,1200,92.13,0.06,0.03,1.74,197148,1710.208211,87.35680689,1.45E+11,72.57802896,17.54862586,15179688.48,-97402833.67,307.9542697,0.034956939,-0.169466703,69.67716941,18.13210231,32409484.38,-210061600.9,328.7731343,-0.030936672,-0.252811461,3037.371493,0.001156456
H4_remelt,199,1200,92.13,0.06,0.03,1.77,205568,1705.893969,85.28843363,1.50E+11,75.06008028,17.53040805,15795265.24,-101365171,307.3152063,0.027212979,-0.143370559,67.62180263,18.13085921,33788988.09,-219111273.9,328.7280559,-0.035972512,-0.241018529,3024.00345,0.001245294
H4_remelt,199,1200,92.13,0.06,0.03,1.8,194909,1704.779532,78.62221786,1.42E+11,72.06238699,17.55635027,15020483.26,-96346022.31,308.2254348,0.041345651,-0.190823013,79.9070574,18.09608387,31914407.02,-206900376.5,327.4682515,-0.026826479,-0.240390232,3023.970907,0.001067126
H4_remelt,199,1200,92.13,0.06,0.03,1.83,195607,1705.820983,80.63112141,1.43E+11,68.75148818,17.5747182,15105996.69,-96915869.4,308.8707198,0.041889278,-0.193779244,69.34465856,18.12953924,32147490.34,-208233721,328.6801929,-0.031314725,-0.281746123,3018.375874,0.000971301
H4_remelt,199,1200,92.13,0.06,0.03,1.86,195279,1702.367731,79.53178042,1.42E+11,68.79590959,17.57969589,15089163.76,-96877537.15,309.0457078,0.037591327,-0.179146021,72.05225271,18.11037093,32025541.39,-207437666,327.9855352,-0.02506613,-0.260166317,3009.812147,0.001116311
H4_remelt,199,1200,92.13,0.06,0.03,1.89,193497,1713.10217,84.09621295,1.42E+11,73.23925199,17.5365947,14878366.89,-95408711.72,307.5321536,0.027718955,-0.189637148,75.38381763,18.08861653,31657216.68,-205093370.3,327.1980481,-0.024668065,-0.247040431,3058.324541,0.001126592
H4_remelt,199,1200,92.13,0.06,0.03,1.92,191693,1707.568372,80.75354519,1.40E+11,74.61419104,17.4858039,14654235.67,-93987807.46,305.7533379,0.018713786,-0.152506309,71.66033144,18.13136637,31510346.89,-204178796.5,328.7464464,-0.018401471,-0.254498764,3033.93875,0.001137194
H4_remelt,199,1200,92.13,0.06,0.03,1.95,195532,1703.6702,79.78736426,1.42E+11,75.30187825,17.56976473,15091567.25,-96913949.49,308.6966328,0.031880151,-0.158825343,84.103056,18.18321932,32325338.04,-209700045.1,330.6294647,-0.033042308,-0.256591658,2999.104591,0.001135329
H4_remelt,199,1200,92.13,0.06,0.03,1.98,187559,1706.343075,75.72035138,1.37E+11,68.73924876,17.58174755,14496088.49,-93047090.98,309.1178469,0.02885478,-0.186343346,73.76435241,18.14879814,30890199.27,-200257582.1,329.3788739,-0.034051856,-0.253110023,3014.317283,0.001055628
H4_remelt,199,1200,92.13,0.06,0.03,2.01,193402,1707.434891,80.50092797,1.41E+11,72.41947727,17.48119692,14776913.21,-94686209.33,305.5922459,0.032884744,-0.163871174,71.21631965,18.14948,31854726.63,-206461171.3,329.4036244,-0.03429927,-0.264603624,3029.795462,0.001023743
H4_remelt,199,1200,92.13,0.06,0.03,2.04,194481,1711.89416,85.17581094,1.43E+11,72.09198768,17.4852855,14866398.86,-95316521.06,305.735209,0.041868657,-0.159559154,81.90326686,18.14267072,32008818.56,-207430740.2,329.156501,-0.031421928,-0.251912409,3047.501628,0.001048908
H4_remelt,199,1200,92.13,0.06,0.03,2.07,189440,1708.774892,80.41469596,1.39E+11,70.34315025,17.4866298,14483397.7,-92801905.95,305.7822216,0.034046483,-0.198068131,73.72553799,18.14814682,31197560.56,-202272716,329.355233,-0.031830402,-0.253685908,3034.259931,0.001129609
H4_remelt,199,1200,92.13,0.06,0.03,2.1,195072,1704.696097,79.98564609,1.42E+11,78.55467154,17.56635337,15050588.22,-96609374.48,308.5767709,0.025719437,-0.164245842,69.61403851,18.14112579,32100245.21,-208001130.9,329.1004451,-0.019568289,-0.265105688,3012.583569,0.001096997
H4_remelt,199,1200,92.13,0.06,0.03,2.13,204800,1706.38484,83.28640354,1.49E+11,73.73498034,17.57367309,15813877.49,-101529604,308.8339858,0.04055091,-0.179309752,72.62267015,18.20475923,33937787.2,-220278535.8,331.4132585,-0.01683871,-0.252618698,3003.945892,0.001093718
H4_remelt,199,1200,92.13,0.06,0.03,2.16,194468,1711.563974,83.35554054,1.43E+11,70.8643376,17.43560261,14781134.87,-94581625.69,304.0002382,0.032515123,-0.185755539,70.62669841,18.16198483,32074573.99,-208036559.6,329.8576931,-0.023958402,-0.247640076,3047.091042,0.001110688
H4_remelt,199,1200,92.13,0.06,0.03,2.19,195389,1712.553886,85.03286818,1.44E+11,72.65187918,17.52474992,15003272.83,-96207292.82,307.1168597,0.04748769,-0.178349721,69.69542759,18.12364311,32090606.04,-207976806.6,328.4664397,-0.039699045,-0.259410149,3049.830923,0.00098262
H4_remelt,199,1200,92.13,0.06,0.03,2.22,194560,1706.090736,81.36700324,1.42E+11,77.34859826,17.55519822,14991672.13,-96220019.23,308.1849844,0.026158161,-0.149594557,64.58940011,18.10986695,31905784.14,-206724450.2,327.967281,-0.036228468,-0.25383457,3026.076241,0.00116156
H4_remelt,199,1200,92.13,0.06,0.03,2.25,193536,1704.331022,79.18009697,1.41E+11,70.81697229,17.49490499,14810555.17,-94955587.79,306.0717005,0.031124021,-0.173139274,73.82480989,18.13077958,31811100.21,-206159451,328.725168,-0.025858756,-0.253338134,3021.36511,0.001085036
H4_remelt,199,1200,92.13,0.06,0.03,2.28,185429,1707.334654,78.39918473,1.35E+11,73.49139603,17.57002792,14312537.6,-91866825.35,308.7058811,0.036739825,-0.168435167,73.48955658,18.13889553,30506159.2,-197658236.4,329.019531,-0.025272949,-0.271060196,3021.725578,0.000895188
H4_remelt,199,1200,92.13,0.06,0.03,2.31,193536,1714.881299,84.18828934,1.43E+11,71.04838545,17.57874644,14952819.4,-95952993.02,309.0123264,0.047139271,-0.182727809,74.99078869,18.14967126,31877483.39,-206666338.6,329.4105668,-0.025818167,-0.256301029,3046.023463,0.001085036
H4_remelt,199,1200,92.13,0.06,0.03,2.34,189440,1713.805695,83.56955531,1.39E+11,73.69318289,17.54761186,14584570.8,-93513951.2,307.9186821,0.048728847,-0.194478756,71.05524377,18.11506715,31083888.93,-201355808.2,328.1556578,-0.02443341,-0.255728193,3053.484886,0.001171838
H4_remelt,199,1200,92.13,0.06,0.03,2.37,192698,1707.095695,81.23108104,1.41E+11,79.27279132,17.55431927,14846614.72,-95254800.96,308.154125,0.049351262,-0.190581963,72.53455462,18.10701547,31590354.36,-204602190.5,327.8640091,-0.031227007,-0.259724727,3030.343775,0.001079376
H4_remelt,199,1200,92.13,0.06,0.03,2.4,195652,1704.885252,80.57706667,1.43E+11,76.5455945,17.59994107,15152738.24,-97347514.23,309.7579256,0.027063164,-0.154323431,70.30154814,18.1785688,32328698.05,-209677366.1,330.4603637,-0.026522181,-0.258659166,3001.263813,0.000858641
H4_remelt,199,1200,92.13,0.06,0.03,2.43,197505,1700.933265,78.43738982,1.43E+11,77.74219462,17.49560048,15115499.77,-96852958.47,306.0960362,0.019551298,-0.184310402,72.96771124,18.1389995,32493197.58,-210634017.1,329.023303,-0.025694983,-0.251104816,3007.258018,0.001194864
H4_remelt,199,1200,92.13,0.06,0.03,2.46,194628,1715.754834,84.75065953,1.44E+11,68.92617086,17.47289504,14856679.26,-95101272.11,305.3020611,0.017894339,-0.220730662,69.71605918,18.18012589,32164948.57,-208687171,330.5169775,-0.026209478,-0.243427217,3053.944289,0.001222808
H4_remelt,199,1200,92.13,0.06,0.03,2.49,188668,1714.893993,83.03653008,1.39E+11,69.06726204,17.53965953,14511996.82,-93106758.32,307.6396565,0.03841628,-0.172958819,76.40863523,18.17137865,31149987.76,-201932874.6,330.199002,-0.041820308,-0.271061249,3045.237072,0.000964627
H4_remelt,199,1200,92.13,0.06,0.03,2.52,196096,1705.745257,79.40285862,1.43E+11,70.15145595,17.53728439,15079196.4,-96747340.74,307.5563439,0.0146835,-0.168213139,70.18090082,18.13997489,32264539.11,-209234108,329.0586889,-0.026282312,-0.242873234,3019.666105,0.001234052
H4_remelt,199,1200,92.13,0.06,0.03,2.55,194038,1705.117281,78.6549495,1.41E+11,68.01166925,17.59913348,15026219.67,-96505106.8,309.7294991,0.022361858,-0.173988957,68.94484742,18.14608492,31947453.54,-207072486.3,329.280398,-0.03702363,-0.252784683,3009.152589,0.001205912
H4_remelt,199,1200,92.13,0.06,0.03,2.58,189584,1701.998821,74.88828642,1.38E+11,75.01664215,17.54741964,14595335.29,-93615075.5,307.9119359,0.04642635,-0.189276565,68.25160095,18.07529806,30971083.66,-200534429.3,326.7164,-0.031495285,-0.254963172,3019.264105,0.001223693
H4_remelt,199,1200,92.13,0.06,0.03,2.61,196510,1714.112292,86.27679066,1.45E+11,65.77180873,17.45852342,14975508.45,-95939750.66,304.8000401,0.03208356,-0.18907677,73.94988179,18.14370799,32345965.04,-209682109.7,329.1941397,-0.040317445,-0.255231465,3058.324665,0.001038083
H4_remelt,199,1200,92.13,0.06,0.03,2.64,203200,1709.253664,86.70642232,1.49E+11,70.55778327,17.61457662,15763439.48,-101301421.6,310.2733095,0.039451853,-0.170423425,82.94105238,18.17377398,33558167.22,-217620824.5,330.2860606,-0.028566383,-0.245689682,3017.160485,0.001122014
H4_remelt,199,1200,92.13,0.06,0.03,2.67,194560,1703.73688,79.73183548,1.42E+11,70.79395912,17.51052404,14915674.4,-95558637.47,306.6184522,0.027298977,-0.190381411,78.69485325,18.16417199,32097540.23,-208256147.5,329.9371442,-0.027301635,-0.239598118,3010.047887,0.001130722
H4_remelt,199,1200,92.13,0.06,0.03,2.7,195584,1706.536679,79.22441414,1.43E+11,70.22953505,17.56415056,15085933.13,-96702449.5,308.4993849,0.047192399,-0.200821462,67.90875584,18.16164431,32257253.65,-209154931.4,329.845324,-0.037178712,-0.255205552,3014.577749,0.001124802
H4_remelt,199,1200,92.13,0.06,0.03,2.73,194304,1699.999844,77.07591728,1.41E+11,68.5749823,17.54485023,14954462.58,-95924178.75,307.8217697,0.038003178,-0.183977659,72.75041225,18.12805178,31927699.65,-206960532.1,328.6262613,-0.025816989,-0.250153343,3000.878426,0.001070454
H4_remelt,199,1200,92.13,0.06,0.03,2.76,195584,1716.969889,84.85366692,1.45E+11,77.06950869,17.49115022,14960810.44,-95896733.09,305.9403359,0.007087644,-0.157811579,74.77448446,18.12905951,32141580.5,-208419522.8,328.6627986,-0.027128042,-0.236342251,3068.029781,0.001165704
H4_remelt,199,1200,92.13,0.06,0.03,2.79,185775,1715.230106,82.85911935,1.37E+11,75.50092836,17.48105362,14194360.4,-91038604.1,305.5872357,0.027662974,-0.150858377,71.88090358,18.15221428,30607852.34,-198404208.6,329.5028831,-0.024834317,-0.259833658,3057.271424,0.001022704
H4_remelt,199,1200,92.13,0.06,0.03,2.82,194560,1706.940714,81.28138691,1.42E+11,67.29908236,17.57249179,15021278.3,-96380374.37,308.7924675,0.030619791,-0.191181267,66.40519674,18.16521733,32101012.6,-208228686.7,329.9751208,-0.042190318,-0.245407368,3014.618291,0.001192397
H4_remelt,199,1200,92.13,0.06,0.03,2.85,194311,1707.58341,80.38773972,1.42E+11,72.10472784,17.51427431,14902976.65,-95535157.3,306.7498047,0.036497294,-0.184761966,74.32762289,18.13513757,31954014.56,-207121312.6,328.8832146,-0.028958564,-0.256116732,3029.9483,0.001029241
H4_remelt,199,1200,92.13,0.06,0.03,2.88,194560,1706.721578,79.62797098,1.42E+11,70.49664094,17.64170055,15139781.25,-97278991.85,311.2295984,0.019333032,-0.181251051,70.26830896,18.16813007,32111280.27,-208393818.6,330.0809502,-0.029342682,-0.238225964,3005.358702,0.001254073
H4_remelt,199,1200,92.13,0.06,0.03,2.91,196608,1714.825644,86.68977565,1.45E+11,69.12487138,17.51462405,15079542.99,-96617214.12,306.7620556,0.050983915,-0.193785404,68.31311747,18.14934344,32382263.16,-210058021.7,329.3986674,-0.025908419,-0.239971403,3053.440929,0.001179977
H4_remelt,199,1200,92.13,0.06,0.03,2.94,188416,1711.297351,82.65488638,1.38E+11,68.99120259,17.52549624,14469206.03,-92797400.42,307.1430186,0.028944847,-0.187863262,76.47437503,18.20987556,31240461.22,-202784739.6,331.5995677,-0.030804306,-0.247419733,3025.232408,0.001178206
H4_remelt,199,1200,92.13,0.06,0.03,2.97,197632,1704.473785,82.04187698,1.44E+11,67.78171652,17.52165136,15170218.53,-97164489.68,307.0082664,0.031868642,-0.215822356,74.57989535,18.14428358,32532727.68,-210924013.3,329.2150265,-0.028361313,-0.249655928,3016.349669,0.00103219
H4_remelt,199,1200,92.13,0.06,0.03,3,190864,1708.173339,79.49957349,1.40E+11,73.94356727,17.62786016,14829558.14,-95380495.64,310.7414539,0.030641844,-0.153468262,76.48905834,18.10699895,31289648.69,-202798367.5,327.8634111,-0.029203501,-0.24603761,3025.737619,0.000984964
H4_remelt,199,1200,92.13,0.06,0.03,3.03,194214,1710.319574,82.1685323,1.42E+11,70.88625749,17.58551339,15016649.77,-96395477.75,309.2502811,0.031249071,-0.177898986,75.51573471,18.12143668,31889667.35,-206694372.6,328.3864672,-0.03684443,-0.243614559,3035.185452,0.001101843
H4_remelt,199,1200,92.13,0.06,0.03,3.06,198573,1713.174207,85.83807514,1.46E+11,71.36995344,17.51113744,15224184.91,-97649921.07,306.6399346,0.036975446,-0.153447658,66.56762785,18.11179034,32570957.1,-211000774.3,328.0369494,-0.03349213,-0.261708419,3056.398499,0.001037365
H4_remelt,199,1200,92.13,0.06,0.03,3.09,189007,1711.308714,81.72304295,1.39E+11,66.04355686,17.53802112,14535421.73,-93188611.83,307.5821847,0.029346871,-0.179899773,72.69266823,18.15173419,31138831.19,-201833644.3,329.4854542,-0.021733978,-0.254007033,3036.971422,0.001079285
H4_remelt,199,1200,92.13,0.06,0.03,3.12,195584,1705.671044,81.17524168,1.43E+11,75.01695531,17.57298278,15101787.42,-96967786.08,308.8097239,0.061512537,-0.165862457,69.91651867,18.17584307,32307685.85,-209589782.5,330.3612714,-0.02414,-0.24456568,3007.638962,0.001124802
H4_remelt,199,1200,92.13,0.06,0.03,3.15,191668,1708.22605,79.07259291,1.40E+11,69.13170295,17.47188609,14629154.72,-93723053.7,305.2668034,0.024990321,-0.18799536,67.54105619,18.19321499,31721383.1,-205844818.7,330.9930716,-0.032076672,-0.255340264,3023.433389,0.001053873
H4_remelt,199,1200,92.13,0.06,0.03,3.18,196101,1712.406124,82.45462312,1.44E+11,78.27549203,17.55987966,15118370.93,-96995657.5,308.3493736,0.026048452,-0.169323332,69.62269099,18.11480537,32176101.22,-208540750.4,328.1461736,-0.026748332,-0.243698717,3046.988556,0.001234014
H4_remelt,199,1200,92.13,0.06,0.03,3.21,192915,1715.36969,84.98060746,1.42E+11,74.41090525,17.48753776,14750660.94,-94459497.9,305.813977,0.027862826,-0.201582151,68.60271504,18.11835865,31665728.59,-205240196.6,328.2749203,-0.026246135,-0.245413741,3065.222194,0.001212925
H4_remelt,199,1200,92.13,0.06,0.03,3.24,198656,1708.570728,83.8446721,1.45E+11,76.44413798,17.51767745,15241883.3,-97660680.04,306.8690232,0.039741071,-0.206635548,78.98013801,18.09554192,32525821.74,-210715965.5,327.4486373,-0.026410441,-0.246952459,3042.71696,0.001117476
H4_remelt,199,1200,92.13,0.06,0.03,3.27,193536,1706.784456,79.08979806,1.41E+11,72.13481882,17.49523896,14811169.07,-94953755.08,306.0833862,0.036316767,-0.172416791,76.60311239,18.12630939,31795388.15,-206116149.4,328.5630923,-0.030912221,-0.245909108,3031.018052,0.001074702
H4_remelt,199,1200,92.13,0.06,0.03,3.3,188274,1708.156309,78.66908463,1.38E+11,73.52044791,17.51033086,14433133.31,-92524301.27,306.6116867,0.026258432,-0.183559797,69.58469617,18.14764252,31003778.51,-200932677.9,329.3369291,-0.049425883,-0.267286716,3029.273451,0.001041003
H4_remelt,199,1200,92.13,0.06,0.03,3.33,193631,1716.027799,84.6400945,1.43E+11,69.79614304,17.47464552,14783867.09,-94674147.18,305.3632361,0.055147512,-0.192142594,74.1539893,18.13506637,31841943.62,-206452297.4,328.8806321,-0.033508784,-0.244404269,3065.063657,0.001136141
H4_remelt,199,1200,92.13,0.06,0.03,3.36,190572,1715.766329,84.43314356,1.41E+11,65.61953123,17.5261199,14635883.76,-93830066.06,307.1648789,0.030735819,-0.19404193,72.45440057,18.18402859,31508161.3,-204360160.1,330.6588958,-0.029525715,-0.255708648,3047.163296,0.001185866
H4_remelt,199,1200,92.13,0.06,0.03,3.39,195510,1706.836031,82.54803931,1.43E+11,72.49758893,17.51377284,14993906.11,-96149281.81,306.7322391,0.036485191,-0.167973785,70.07757216,18.19447137,32361690.93,-209959159.8,331.0387885,-0.028794256,-0.254880887,3014.226493,0.000992246
H4_remelt,199,1200,92.13,0.06,0.03,3.42,195072,1708.048253,78.92779477,1.43E+11,73.9989,17.44562592,14844269.72,-95077907.23,304.3498639,0.033752394,-0.16334993,72.48588333,18.11673166,32014183.79,-207472200.8,328.2159659,-0.022026124,-0.247686721,3043.113506,0.001138006
H4_remelt,199,1200,92.13,0.06,0.03,3.45,193536,1706.191829,78.77227742,1.41E+11,78.43820348,17.48534306,14794320.55,-94710591.79,305.737222,0.032329602,-0.195912656,70.14019203,18.15997707,31913623.12,-206953774.5,329.7847671,-0.02969639,-0.258499952,3022.291438,0.001002366
H4_remelt,199,1200,92.13,0.06,0.03,3.48,194946,1716.829456,83.75241194,1.44E+11,79.48388406,17.52041165,14961907.26,-95936705.66,306.9648245,0.017021831,-0.176609174,76.30422194,18.16811419,32174919.4,-208740466.1,330.0803733,-0.034394031,-0.238412486,3055.066804,0.001149001
H4_remelt,199,1200,92.13,0.06,0.03,3.51,198756,1712.567455,85.87024227,1.46E+11,69.27211956,17.55354393,15312104.76,-98270067.37,308.1269046,0.020600255,-0.172842487,76.78606395,18.18618026,32869286.24,-213248647,330.7371523,-0.031703097,-0.253465871,3032.567689,0.001147101
H4_remelt,199,1200,92.13,0.06,0.03,3.54,192720,1708.816931,81.38718066,1.41E+11,80.99061519,17.54489443,14832577.39,-95128992.37,307.8233205,0.049383398,-0.185295176,70.37935648,18.15295343,31754484.29,-205942324,329.5297181,-0.041820696,-0.247418908,3027.064406,0.001141517
H4_remelt,199,1200,92.13,0.06,0.03,3.57,190464,1709.147272,80.0250862,1.39E+11,78.90856543,17.4829737,14555662.99,-93312648.9,305.6543695,0.026489572,-0.167756875,67.99274241,18.14644384,31360280.32,-203324000.6,329.2934241,-0.025808106,-0.255479723,3036.302375,0.001144537
H4_remelt,199,1200,92.13,0.06,0.03,3.6,188416,1707.12701,76.44847521,1.38E+11,72.23898141,17.4469061,14339747.12,-91855587.94,304.3945324,0.029080939,-0.171027825,68.87691396,18.18288601,31147874.99,-202198462,330.6173438,-0.029400173,-0.239014427,3024.2131,0.001167592
H4_remelt,199,1200,92.13,0.06,0.03,3.63,195584,1717.75527,86.04532896,1.45E+11,70.29715971,17.53149959,15030061.78,-96363223.43,307.353478,0.037171294,-0.188629938,81.92040963,18.18027632,32323490.98,-209555616.3,330.5224472,-0.03906676,-0.272871787,3054.753072,0.001002096
H4_remelt,199,1200,92.13,0.06,0.03,3.66,187648,1714.406952,83.38668187,1.38E+11,73.65769544,17.44735216,14282146.68,-91581545.75,304.4100975,0.025813673,-0.132779463,72.99632676,18.14796088,30901780.22,-200403369.6,329.3484841,-0.018587726,-0.245964889,3059.14675,0.001097765
H4_remelt,199,1200,92.13,0.06,0.03,3.69,194560,1708.787909,81.90760621,1.42E+11,68.9086121,17.46047957,14830421.76,-95021827.1,304.8683467,0.060684453,-0.164737495,72.42146843,18.17218245,32125716.28,-208379897.1,330.2282149,-0.028273395,-0.254088067,3031.927743,0.001048487
H4_remelt,199,1200,92.13,0.06,0.03,3.72,198203,1704.633475,82.14436647,1.44E+11,74.93250889,17.49579775,15169439.97,-97198639.86,306.102939,0.038608882,-0.193104076,67.29072874,18.15217892,32655260.12,-211850429.1,329.5015996,-0.039155109,-0.245336306,3017.959101,0.001049392
H4_remelt,199,1200,92.13,0.06,0.03,3.75,199168,1702.860546,78.7939614,1.45E+11,73.45087324,17.4860695,15226174.21,-97650504.45,305.7626265,0.030807132,-0.156408059,80.46058303,18.18960757,32949625.55,-213800839.8,330.8618236,-0.025567969,-0.252094337,3003.732597,0.00109452
H4_remelt,199,1200,92.13,0.06,0.03,3.78,194735,1717.068268,86.91560454,1.44E+11,68.16132092,17.4782986,14874122.25,-95420016.41,305.4909221,0.01975814,-0.135086433,67.64282574,18.13580734,32026184.45,-207526850.5,328.9075077,-0.026087554,-0.262983868,3068.609617,0.00109889
H4_remelt,199,1200,92.13,0.06,0.03,3.81,189192,1714.634259,84.25085952,1.39E+11,67.89114228,17.59729648,14648467.54,-94044606.5,309.6648435,0.023830372,-0.177512077,71.42412855,18.1168809,31049427.38,-201248837.9,328.2213736,-0.025018449,-0.248901064,3050.582484,0.000993668
H4_remelt,199,1200,92.13,0.06,0.03,3.84,196510,1707.155678,82.52991865,1.44E+11,70.35140903,17.50190224,15050060.43,-96457100.55,306.316582,0.009816251,-0.173797963,79.14705825,18.13668946,32320939.36,-209519688.3,328.9395047,-0.032125282,-0.254010679,3029.785967,0.000997374
H4_remelt,199,1200,92.13,0.06,0.03,3.87,190449,1709.008621,79.37153094,1.39E+11,68.37507753,17.57310854,14704965.68,-94440045.91,308.8141437,0.02030653,-0.15988794,69.65958661,18.18250568,31482855.24,-204270472.6,330.6035128,-0.034264015,-0.257748267,3017.580109,0.000997606
H4_remelt,199,1200,92.13,0.06,0.03,3.9,191430,1707.311617,79.45809806,1.40E+11,80.08811285,17.55707016,14753859.57,-94597741.8,308.2507126,0.02164812,-0.212600137,71.1767272,18.11877526,31423264.57,-203599161.6,328.2900171,-0.03060812,-0.255401327,3027.814044,0.00126413
H4_remelt,199,1200,92.13,0.06,0.03,3.93,194601,1717.883252,85.96656478,1.44E+11,71.70700546,17.5836057,15043406.53,-96598803.6,309.1831894,0.0451302,-0.160424017,70.96019445,18.20690717,32255446.9,-209278170.1,331.4914687,-0.027949873,-0.258369767,3043.33922,0.001058538
H4_remelt,199,1200,92.13,0.06,0.03,3.96,185984,1715.551675,82.28461785,1.37E+11,75.77631035,17.58480629,14379294.03,-92316008.75,309.2254121,0.040596557,-0.163224417,71.2648617,18.18840847,30764562.14,-199654380.6,330.8182028,-0.021737266,-0.248417838,3038.569758,0.001172106
H4_remelt,199,1200,92.13,0.06,0.03,3.99,196510,1706.29781,80.84368714,1.43E+11,68.60350721,17.52377279,15087598.67,-96747844.63,307.0826126,0.044424723,-0.19295249,71.90573541,18.14387248,32346583.88,-209868044.3,329.2001084,-0.024138093,-0.233657528,3022.431815,0.00108897
H4_remelt,199,1200,92.13,0.06,0.03,4.02,196608,1707.396322,80.47597004,1.44E+11,69.94684381,17.61053499,15245115.31,-97858246.16,310.1309426,0.031310844,-0.212197123,74.78726255,18.16021014,32420984.96,-210295538.5,329.7932325,-0.030731832,-0.243639162,3013.062811,0.001190149
H4_remelt,199,1200,92.13,0.06,0.03,4.05,195976,1708.492836,81.30967674,1.43E+11,70.05830594,17.52811246,15054195.25,-96520261.26,307.2347264,0.038302391,-0.187632296,69.88472838,18.1534881,32292849.52,-209419638.4,329.5491303,-0.0341911,-0.247593649,3027.632829,0.001163372
H4_remelt,199,1200,92.13,0.06,0.03,4.08,195505,1717.31568,84.80569948,1.45E+11,81.06866191,17.58521415,15115949.62,-97012674.87,309.2397568,0.030795322,-0.173649908,71.67821967,18.15489088,32220387.96,-208968790.3,329.6000629,-0.036547623,-0.245176494,3052.836201,0.001166169
H4_remelt,199,1200,92.13,0.06,0.03,4.11,203520,1710.378412,86.8119945,1.49E+11,71.1516272,17.54565326,15664954.78,-100471293,307.8499482,0.044402499,-0.184211872,69.25761744,18.17588709,33618733.32,-218172973.6,330.3628714,-0.026354189,-0.242275748,3028.226603,0.001031809
H4_remelt,199,1200,92.13,0.06,0.03,4.14,195584,1706.237252,81.79610295,1.43E+11,80.64137571,17.69384817,15309617.89,-98588469.2,313.0722632,0.038877478,-0.136306709,80.14022002,18.14159078,32186100.2,-208705792.6,329.1173159,-0.02560472,-0.250450898,3004.270744,0.000889616
H4_remelt,199,1200,92.13,0.06,0.03,4.17,188416,1711.766323,80.45449745,1.38E+11,73.72924703,17.58507933,14567824.85,-93458252.38,309.2350149,0.037935134,-0.202681718,68.84181379,18.18198754,31144712.42,-202048715,330.5846708,-0.032281901,-0.253739651,3026.326965,0.001178206
H4_remelt,199,1200,92.13,0.06,0.03,4.2,196004,1712.074356,83.71754623,1.44E+11,69.9278881,17.53335525,15065419.53,-96562193.99,307.4185464,0.032532691,-0.198468748,69.60706456,18.14042005,32251198.45,-209042847.7,329.0748395,-0.026088023,-0.252919257,3043.112327,0.001101985
H4_remelt,199,1200,92.13,0.06,0.03,4.23,192256,1718.266898,86.91454848,1.42E+11,73.95633232,17.57650557,14850128.11,-95418461.17,308.9335479,0.026196903,-0.14098263,76.34330652,18.11495943,31545571.89,-204393596.8,328.1517552,-0.031205025,-0.254235593,3066.749996,0.001185882
H4_remelt,199,1200,92.13,0.06,0.03,4.26,190435,1711.603127,81.95652165,1.40E+11,68.54322541,17.50241015,14585804.64,-93570245.07,306.3343611,0.018845431,-0.160852604,72.12018057,18.13809187,31326794.93,-203116853.4,328.9903768,-0.026431165,-0.244673546,3045.113786,0.001102698
H4_remelt,199,1200,92.13,0.06,0.03,4.29,195328,1706.237716,81.05482057,1.42E+11,69.36356428,17.55527382,15051017.26,-96605416.31,308.1876389,0.019351716,-0.179055836,72.63559333,18.18307495,32291142.53,-209572306.9,330.6242146,-0.03925036,-0.247367599,3009.947811,0.001146754
H4_remelt,199,1200,92.13,0.06,0.03,4.32,193435,1706.922324,79.83252917,1.41E+11,70.69989102,17.50075103,14813001.67,-94976401.02,306.2762866,0.04269852,-0.176907865,73.09103102,18.17659918,31955559.41,-207217664.7,330.3887579,-0.03210358,-0.258535552,3019.566986,0.001095936
H4_remelt,199,1200,92.13,0.06,0.03,4.35,197600,1714.118221,84.71291419,1.46E+11,72.27693625,17.60180756,15306869.56,-98250610.3,309.8236293,0.050978745,-0.19552492,70.59845097,18.16769961,32611484.59,-211541201.6,330.0653091,-0.032384075,-0.245665845,3036.756595,0.001295507
H4_remelt,199,1200,92.13,0.06,0.03,4.38,195511,1716.558465,88.18848186,1.44E+11,73.11075928,17.49923143,14969214.7,-96005787.96,306.2231008,0.054136944,-0.155052052,76.81286983,18.16122394,32243931.33,-209118362.1,329.830055,-0.019712138,-0.252239155,3058.840845,0.001104758
H4_remelt,199,1200,92.13,0.06,0.03,4.41,195891,1710.012856,83.38224273,1.44E+11,76.1711321,17.56707564,15114789.8,-97009284.13,308.6021465,0.021669663,-0.188819233,70.90318841,18.21858948,32511018.26,-210978640.7,331.9170028,-0.028143683,-0.257188827,3014.31626,0.001235337
H4_remelt,199,1200,92.13,0.06,0.03,4.44,194560,1709.769711,80.95245658,1.43E+11,72.70990683,17.5819879,15037497.53,-96572008.73,309.1262985,0.024236147,-0.163790073,68.3478042,18.14834792,32041377.59,-207707152.9,329.3625324,-0.027839459,-0.260581633,3027.330619,0.00086346
H4_remelt,199,1200,92.13,0.06,0.03,4.47,188416,1713.449082,81.35595569,1.39E+11,68.98715549,17.54403293,14499831.58,-93003131.31,307.7930915,0.041589902,-0.193903348,73.11345766,18.13873889,30996724.07,-200982913.7,329.0138486,-0.03672375,-0.252241633,3046.812691,0.001082676
H4_remelt,199,1200,92.13,0.06,0.03,4.5,194560,1719.050342,86.58656523,1.44E+11,69.30160219,17.50713661,14909688.26,-95614205.13,306.4998322,0.016202665,-0.183575356,85.78896471,18.16686034,32106790.96,-208278140.6,330.0348147,-0.028049279,-0.249144462,3065.248663,0.001120442
H4_remelt,199,1200,92.13,0.06,0.03,4.53,193536,1718.205538,86.75978687,1.43E+11,72.49889199,17.5922629,14975816.38,-96185870.58,309.4877141,0.048373592,-0.171467374,74.02588358,18.16773933,31940891.79,-207139965.6,330.0667522,-0.028230809,-0.254795793,3052.637595,0.001054035
H4_remelt,199,1200,92.13,0.06,0.03,4.56,191413,1712.51958,83.00010537,1.41E+11,67.05484768,17.43523156,14548416.17,-93165883.52,303.9872996,0.031278813,-0.16459659,77.41195274,18.2055157,31722233.05,-205982303.9,331.4408018,-0.037896141,-0.235837826,3040.458027,0.001243339
H4_remelt,199,1200,92.13,0.06,0.03,4.59,193967,1712.143182,81.76515239,1.42E+11,72.33691835,17.52796654,14899714.56,-95566941.4,307.2296111,0.003791988,-0.17318322,70.96935173,18.20080093,32128834.86,-208485949.3,331.2691545,-0.040638952,-0.255015589,3029.861615,0.001185726
H4_remelt,199,1200,92.13,0.06,0.03,4.62,187904,1713.126199,79.44575719,1.38E+11,67.82582066,17.5292502,14436097.17,-92563072.95,307.2746125,0.047826153,-0.190073602,70.15610862,18.18069783,31055717.61,-201492941.9,330.5377735,-0.036889692,-0.245247588,3037.391026,0.001138843
H4_remelt,199,1200,92.13,0.06,0.03,4.65,194560,1722.061384,86.82741966,1.45E+11,69.27820768,17.53038569,14949335.19,-95927402.36,307.3144223,0.046919408,-0.159326303,70.24469389,18.20625517,32246233.24,-209315803.1,331.4677275,-0.02619124,-0.246262232,3064.339804,0.001243794
H4_remelt,199,1200,92.13,0.06,0.03,4.68,188416,1721.039731,86.51675905,1.40E+11,71.6216724,17.54069395,14494432.19,-92960918.81,307.6759443,0.039565436,-0.18702298,78.35258259,18.19020051,31172912.89,-202249572.1,330.8833946,-0.034282034,-0.25451444,3063.204741,0.001072062
H4_remelt,199,1200,92.13,0.06,0.03,4.71,195456,1712.752193,84.85677556,1.44E+11,76.41123469,17.51607551,14993692.95,-96108697.73,306.8129013,0.040333398,-0.187789429,79.48929084,18.1872439,32327063.44,-209744890.7,330.7758408,-0.044001141,-0.256014682,3036.935442,0.000890199
H4_remelt,199,1200,92.13,0.06,0.03,4.74,195859,1713.872028,83.13940159,1.44E+11,71.50033031,17.53818543,15062606.69,-96601224.02,307.5879481,0.03804721,-0.191006576,68.66733574,18.18716389,32393612.44,-210080415.2,330.7729304,-0.03755885,-0.268356783,3038.187187,0.001021106
H4_remelt,199,1200,92.13,0.06,0.03,4.77,190848,1713.422629,80.43682273,1.40E+11,72.06347691,17.49694275,14608307.81,-93628800.75,306.1430054,0.052967828,-0.174401664,70.92043321,18.16896531,31501571.26,-204217367.2,330.1113003,-0.039515474,-0.275668142,3044.838126,0.000911692
H4_remelt,199,1200,92.13,0.06,0.03,4.8,194429,1724.471179,87.74075538,1.45E+11,83.62443673,17.49204234,14873933.12,-95382486.18,305.9715451,0.037667377,-0.155871534,72.79957367,18.22029745,32274368.83,-209400346.1,331.9792393,-0.030977303,-0.269488146,3074.058606,0.000966899
H4_remelt,199,1200,92.13,0.06,0.03,4.83,187885,1719.683531,84.27759709,1.39E+11,77.93057919,17.54367869,14458877.72,-92749436.55,307.7806619,0.032256795,-0.19242888,76.94149065,18.23450607,31236785.51,-202735917.5,332.4972114,-0.035083118,-0.269344953,3047.473432,0.001043152
H4_remelt,199,1200,92.13,0.06,0.03,4.86,193536,1714.246643,85.63577869,1.43E+11,74.73860927,17.54512552,14895708.59,-95572199.25,307.8314296,0.045587395,-0.171083387,69.46977619,18.27320816,32312829.54,-209945059.8,333.9101366,-0.038129579,-0.255631127,3019.639919,0.001054035
H4_remelt,199,1200,92.13,0.06,0.03,4.89,194048,1713.985322,82.99990948,1.43E+11,66.88755278,17.43118494,14741732.13,-94279215.14,303.8462086,0.049062246,-0.204323253,74.79965909,18.25310675,32327067.1,-209957013.3,333.1759061,-0.025602986,-0.252294094,3035.234434,0.000989415
H4_remelt,199,1200,92.13,0.06,0.03,4.92,190375,1715.91195,80.74601642,1.40E+11,76.12231382,17.50145942,14579630.38,-93545420.42,306.3010819,0.027366702,-0.158667221,67.96622128,18.25046045,31706152.31,-205973948.8,333.0793067,-0.035016798,-0.24689519,3034.595742,0.001145066
H4_remelt,199,1200,92.13,0.06,0.03,4.95,194560,1724.274296,88.53682179,1.45E+11,74.82604548,17.5648148,15008511.08,-96230175.67,308.5227189,0.047174117,-0.210202016,75.8350282,18.24284111,32375941.79,-210235772.5,332.8012517,-0.045215888,-0.253416753,3060.26176,0.001069046
H4_remelt,199,1200,92.13,0.06,0.03,4.98,207782,1719.111037,92.4014158,1.54E+11,75.25419136,17.43176826,15786443.61,-101070436.4,303.8665448,0.035368721,-0.174256286,82.80218806,18.31499228,34850468.78,-226575026,335.4389421,-0.023881835,-0.246749138,3040.73845,0.001183899
H4_remelt,199,1200,92.13,0.06,0.03,5.01,195916,1714.989743,84.00849751,1.44E+11,71.91983676,17.52328405,15041358.21,-96451304.68,307.0654839,0.038065061,-0.183790355,68.8088214,18.22101065,32523583.04,-211284272.2,332.0052293,-0.032888258,-0.232084613,3036.205644,0.001214769
H4_remelt,199,1200,92.13,0.06,0.03,5.04,197038,1716.960705,84.64173711,1.46E+11,71.12634855,17.52338221,15127443.93,-97102065.81,307.0689241,0.033451423,-0.146632513,73.25863476,18.30908472,33026813.97,-214649685.6,335.2225833,-0.045841391,-0.264420898,3023.220657,0.000974402
H4_remelt,199,1200,92.13,0.06,0.03,5.07,195503,1716.864879,83.40753678,1.44E+11,74.69420963,17.45140632,14886787.73,-95442915.62,304.5515827,0.02803445,-0.140884729,68.19676883,18.32379815,32822446.69,-213539751.5,335.7615786,-0.042953168,-0.239511294,3027.14802,0.001217329
H4_remelt,199,1200,92.13,0.06,0.03,5.1,192512,1725.084105,89.25333879,1.44E+11,68.47213834,17.56121813,14844047.43,-95103430.19,308.3963823,0.031128643,-0.222537366,74.10097933,18.29582427,32221512.52,-209313183,334.7371855,-0.039351905,-0.267216376,3051.555321,0.001049253
H4_remelt,199,1200,92.13,0.06,0.03,5.13,186675,1721.437183,84.82394265,1.39E+11,74.10661414,17.44676788,14207086.54,-91062494.97,304.3897096,0.026443712,-0.160333581,71.98239806,18.33989421,31395486.51,-204376283.6,336.3517196,-0.034557109,-0.229655593,3040.333579,0.001178475
H4_remelt,199,1200,92.13,0.06,0.03,5.16,195560,1714.714904,84.42115317,1.44E+11,68.56890792,17.39208638,14790059.44,-94594642.19,302.4846687,0.048680028,-0.191684486,75.4427423,18.31795298,32810890.5,-213356530,335.5474016,-0.039578947,-0.262118347,3027.499629,0.001012446
H4_remelt,199,1200,92.13,0.06,0.03,5.19,188926,1720.074435,81.15625262,1.40E+11,79.41871874,17.4932741,14455107.65,-92649161.95,306.0146386,0.043472265,-0.175345548,71.61704519,18.30406708,31649826.7,-205740068.8,335.0388716,-0.039140422,-0.258438398,3037.986974,0.001016239
H4_remelt,199,1200,92.13,0.06,0.03,5.22,192793,1720.262909,85.6278381,1.43E+11,66.87722639,17.56992227,14880373.15,-95397364.88,308.7021687,0.062766229,-0.220031478,69.95783309,18.27706974,32202709.21,-209265394,334.0512783,-0.039054523,-0.256500468,3037.200987,0.001099585
H4_remelt,199,1200,92.13,0.06,0.03,5.25,195072,1724.374367,90.94143136,1.45E+11,74.15072004,17.58863445,15088620.03,-96783444.13,309.3600618,0.046043901,-0.207645901,69.51265738,18.27635746,32580619.22,-211698021.4,334.0252419,-0.044352082,-0.256580538,3050.778149,0.000984222
H4_remelt,199,1200,92.13,0.06,0.03,5.28,189372,1720.633299,86.01947196,1.41E+11,75.29660294,17.52724783,14545531.38,-93274482.32,307.2044164,0.03840663,-0.176964828,71.58017075,18.35332018,31895462.37,-207538745.2,336.8443616,-0.037386991,-0.252033458,3025.943787,0.001151137
H4_remelt,199,1200,92.13,0.06,0.03,5.31,195952,1715.429181,86.73359828,1.45E+11,70.05658589,17.57937256,15140519.45,-97111454.28,309.0343398,0.042293237,-0.203004336,72.03217098,18.34010091,32956343.91,-214513574.2,336.3593013,-0.039002356,-0.241172883,3005.188239,0.001153308
H4_remelt,199,1200,92.13,0.06,0.03,5.34,199744,1718.924598,87.08762672,1.48E+11,71.09635103,17.45633911,15218294.1,-97399105.79,304.7237753,0.044412751,-0.203462361,74.74185536,18.31405669,33498550.95,-217888916.5,335.4046726,-0.037606934,-0.237500357,3036.722233,0.001111389
H4_remelt,199,1200,92.13,0.06,0.03,5.37,196608,1721.952722,86.33874365,1.46E+11,66.09974106,17.49798937,15050874.54,-96372199.71,306.179632,0.022315789,-0.209483545,71.10195561,18.30050362,32924119.55,-214022978.5,334.9084329,-0.031945822,-0.258002982,3045.813747,0.000915499
H4_remelt,199,1200,92.13,0.06,0.03,5.4,195385,1725.005853,90.06438222,1.46E+11,77.92081779,17.59101461,15116645.36,-97033752.27,309.4437949,0.036539561,-0.175735081,72.73325541,18.33384421,32838558.04,-213520003.5,336.1298436,-0.046028786,-0.262008511,3039.492953,0.001044055
H4_remelt,199,1200,92.13,0.06,0.03,5.43,195332,1719.353312,86.41076424,1.45E+11,73.193059,17.461353,14890657.43,-95314331.47,304.8988486,0.046911781,-0.197223995,68.43631546,18.36697268,32948247.72,-214440128.2,337.3456853,-0.033555188,-0.259080846,3025.537026,0.001023866
H4_remelt,199,1200,92.13,0.06,0.03,5.46,195584,1717.03465,83.6720271,1.45E+11,71.81700316,17.61490671,15173432.02,-97410178.42,310.2849383,0.033201796,-0.190574401,82.58781813,18.3181622,32815897.8,-213401130.7,335.5550663,-0.039371087,-0.246642175,3011.350143,0.001032773
H4_remelt,199,1200,92.13,0.06,0.03,5.49,186812,1724.207789,81.74830768,1.39E+11,70.4648773,17.5565778,14396967.09,-92290726.21,308.233424,0.049809241,-0.216016727,72.55101189,18.3094631,31314101.88,-203610319.7,335.2364391,-0.04223403,-0.254012955,3044.558039,0.001017033
H4_remelt,199,1200,92.13,0.06,0.03,5.52,197554,1723.719025,89.11906185,1.47E+11,69.1143678,17.5500036,15213185.33,-97440651.04,308.0026264,0.031473108,-0.22952654,68.56319039,18.34244959,33234086.54,-216144033.1,336.4454571,-0.042357736,-0.265666659,3037.304781,0.000840251
H4_remelt,199,1200,92.13,0.06,0.03,5.55,190080,1726.901055,89.1067231,1.42E+11,72.14187586,17.56026629,14655027.6,-94001558.63,308.3629521,0.038214613,-0.189316098,81.54014372,18.35229454,32011125.85,-208426130.2,336.8067149,-0.034001161,-0.233954034,3045.157734,0.001146849
H4_remelt,199,1200,92.13,0.06,0.03,5.58,197632,1717.896239,87.07320411,1.46E+11,69.73132422,17.56520267,15245706.78,-97870050.82,308.5363448,0.026957965,-0.172914479,72.94207949,18.36645802,33334346.69,-216944304,337.3267804,-0.0401913,-0.253444538,3009.479515,0.000971473
H4_remelt,199,1200,92.13,0.06,0.03,5.61,195584,1718.777664,84.65577828,1.45E+11,71.73842517,17.48895161,14957158.04,-95744622.82,305.8634286,0.024536489,-0.205664632,76.50189365,18.34613562,32915915.84,-214066762.8,336.5806923,-0.043117915,-0.25922611,3024.94937,0.000981645
H4_remelt,199,1200,92.13,0.06,0.03,5.64,205312,1721.723576,88.3874309,1.53E+11,66.23036424,17.49748945,15716248.09,-100676904.5,306.1621372,0.036942551,-0.209578876,73.19846594,18.35555397,34588708.93,-225044908.3,336.9263616,-0.031103626,-0.261447563,3032.883795,0.001052027
H4_remelt,199,1200,92.13,0.06,0.03,5.67,194048,1726.985763,89.36977047,1.45E+11,75.67799441,17.44473291,14764808.89,-94488865.19,304.3187063,0.042405487,-0.197404335,71.26441866,18.40084719,32852865.06,-213815646.3,338.5911771,-0.04399133,-0.266963627,3046.945909,0.001020335
H4_remelt,199,1200,92.13,0.06,0.03,5.7,194560,1724.217327,90.03738887,1.45E+11,75.96636019,17.53099855,14950474.86,-95909375.14,307.33591,0.028368685,-0.165951875,68.21352275,18.35106819,32761202.86,-213184056.2,336.7617038,-0.033561554,-0.252652419,3039.346225,0.000976532
H4_remelt,199,1200,92.13,0.06,0.03,5.73,196608,1718.048669,88.66631876,1.45E+11,70.33512395,17.52784683,15102281.79,-96684150.02,307.2254145,0.010542314,-0.23330212,74.30970233,18.32289512,33004836.13,-214558319.7,335.7284857,-0.039725303,-0.264934892,3024.141756,0.001007049
H4_remelt,199,1200,92.13,0.06,0.03,5.76,195048,1719.13273,86.32233109,1.44E+11,73.55391087,17.54508552,15011953.38,-96299237.35,307.830026,0.03380685,-0.170484844,68.93208873,18.37572988,32931722.82,-214382022.3,337.6674486,-0.056260466,-0.260298461,3013.749436,0.000851046
H4_remelt,199,1200,92.13,0.06,0.03,5.79,189312,1722.304602,82.62567614,1.41E+11,66.14889475,17.48232455,14466470.79,-92632144.11,305.6316716,0.025469775,-0.202577489,68.7980024,18.34395162,31853004.17,-207238649.1,336.500561,-0.035008365,-0.252681141,3038.216416,0.001162066
H4_remelt,199,1200,92.13,0.06,0.03,5.82,194470,1728.429181,89.3580869,1.46E+11,72.47556339,17.52094851,14926415.92,-95603868.24,306.9836365,0.047612751,-0.213330305,67.81970189,18.33065271,32673220.07,-212523816.3,336.0128287,-0.048068217,-0.25270449,3059.789825,0.001038689
H4_remelt,199,1200,92.13,0.06,0.03,5.85,196890,1723.833681,91.39407258,1.47E+11,75.16671275,17.5902244,15231997.28,-97703642.09,309.4159946,0.03511988,-0.213707251,72.12790837,18.33211765,33085212.45,-215129886.8,336.0665375,-0.046011377,-0.25674788,3036.066592,0.001056395
H4_remelt,199,1200,92.13,0.06,0.03,5.88,194560,1719.239592,85.92742033,1.44E+11,71.3211453,17.61356928,15091626.96,-96805537.11,310.237823,0.023809517,-0.227497886,75.98415655,18.40188799,32942893.28,-214641252.2,338.6294817,-0.035850413,-0.235228883,3000.82776,0.001233515
H4_remelt,199,1200,92.13,0.06,0.03,5.91,194623,1720.469931,84.67746881,1.44E+11,74.29746917,17.54533531,14979802.81,-96050002.36,307.8387911,0.029208736,-0.195402317,71.4251686,18.34035017,32733757.65,-212914264.3,336.3684444,-0.043708496,-0.254202111,3026.105954,0.001109798
H4_remelt,199,1200,92.13,0.06,0.03,5.94,198602,1721.180198,87.51272757,1.47E+11,68.65793563,17.55861854,15308981.18,-98219385.73,308.305085,0.021611676,-0.187246083,71.80136234,18.3754299,33530711.86,-218310739.8,337.6564241,-0.036736138,-0.237624555,3019.701538,0.001208411
H4_remelt,199,1200,92.13,0.06,0.03,5.97,193478,1728.894424,91.62353939,1.45E+11,69.48448712,17.60587229,14994378,-96272337.33,309.9667389,0.026966885,-0.181465793,78.06601878,18.38708411,32707135.23,-212963144.6,338.0848621,-0.042933963,-0.252738311,3039.728569,0.000878626
H4_remelt,199,1200,92.13,0.06,0.03,6,186348,1726.44301,88.31491497,1.39E+11,69.89642978,17.56970904,14382703.64,-92323915.12,308.6946757,0.042854984,-0.177741535,67.13686895,18.40806295,31573659.38,-205644161.1,338.8567816,-0.04060738,-0.248310963,3029.738565,0.001041029
H4_remelt,199,1200,92.13,0.06,0.03,6.03,194432,1719.713105,86.11602066,1.44E+11,74.65970242,17.51903268,14920217.56,-95800015.55,306.916506,0.017478795,-0.134407433,75.42831913,18.39607371,32900498.44,-214112261.3,338.4155278,-0.045972094,-0.262907507,3013.949826,0.001090322
H4_remelt,199,1200,92.13,0.06,0.03,6.06,190309,1722.221091,85.43046457,1.41E+11,70.58259105,17.5918935,14725426.15,-94575099.34,309.4747171,0.043028716,-0.185607574,70.50717304,18.41637309,32274088.9,-210236440.8,339.1627979,-0.037133003,-0.249295168,3010.193764,0.00117699
H4_remelt,199,1200,92.13,0.06,0.03,6.09,190368,1721.661906,83.15837598,1.41E+11,68.766525,17.53083102,14628091.61,-93701110.43,307.3300362,0.037425168,-0.229917192,72.40187493,18.39967654,32225486.33,-209839375.6,338.5480969,-0.028359995,-0.25208202,3018.176215,0.001134609
H4_remelt,199,1200,92.13,0.06,0.03,6.12,195700,1727.382462,92.23329889,1.46E+11,70.05889766,17.54404132,15060355.7,-96609108.23,307.7933857,0.035598373,-0.188141985,85.90753377,18.32273687,32851481.15,-213556294.2,335.7226863,-0.051695199,-0.260171017,3055.947029,0.001001502
H4_remelt,199,1200,92.13,0.06,0.03,6.15,189056,1724.210463,87.19621012,1.41E+11,77.04401639,17.57228956,14596409.03,-93718717.15,308.7853603,0.03624786,-0.149124641,71.6331876,18.40121954,32008682.5,-208479048.1,338.6048805,-0.039764694,-0.243183658,3022.963403,0.001343475
H4_remelt,199,1200,92.13,0.06,0.03,6.18,200105,1716.251131,87.08224904,1.48E+11,67.91118641,17.52950832,15373711.59,-98620240.97,307.283662,0.042957946,-0.17982736,72.30261289,18.41200004,33919174.88,-220871684.2,339.0017455,-0.041577881,-0.251186284,2997.321112,0.001239306
H4_remelt,199,1200,92.13,0.06,0.03,6.21,194048,1721.910894,85.43685668,1.44E+11,69.5912132,17.55714403,14955539.56,-95854903.31,308.2533065,0.039512448,-0.227313325,72.53495786,18.41972526,32919944.39,-214477256.3,339.2862785,-0.035833581,-0.24862352,3012.104132,0.00120585
H4_remelt,199,1200,92.13,0.06,0.03,6.24,196608,1721.537812,86.42550911,1.46E+11,80.84473595,17.55810397,15154635.82,-97176563.85,308.2870149,0.028469387,-0.202185046,75.34991635,18.38628992,33233323.72,-216278788.8,338.0556571,-0.044755593,-0.2703476,3018.383135,0.00096636
H4_remelt,199,1200,92.13,0.06,0.03,6.27,195738,1726.860525,92.12711166,1.46E+11,72.63683546,17.57025538,15108164.64,-96853411.68,308.7138742,0.032662694,-0.233376633,72.22899782,18.38819495,33093120.29,-215558541.7,338.1257136,-0.028907161,-0.237210019,3036.304464,0.001103482
H4_remelt,199,1200,92.13,0.06,0.03,6.3,196096,1721.561511,90.36816837,1.46E+11,73.23420639,17.63484815,15247484.57,-97921842.4,310.9878691,0.046773461,-0.194551799,73.15446723,18.42208512,33275981.44,-216784717.9,339.3732201,-0.038297303,-0.242624055,3002.90313,0.001336039
H4_remelt,199,1200,92.13,0.06,0.03,6.33,194432,1720.526432,87.00791005,1.44E+11,71.87002306,17.57978094,15023801.36,-96420962.37,309.048698,0.05444579,-0.186694192,72.28887319,18.39715646,32904341.96,-214273563.8,338.4553657,-0.04199416,-0.247004109,3010.188918,0.001306329
H4_remelt,199,1200,92.13,0.06,0.03,6.36,188800,1724.332697,83.90687355,1.41E+11,67.6746203,17.5384514,14520203.3,-93093501.39,307.5972774,0.018398377,-0.185450796,74.9956591,18.40907659,31992629.19,-208335427,338.8941008,-0.036383853,-0.261625178,3024.715048,0.001080474
H4_remelt,199,1200,92.13,0.06,0.03,6.39,196608,1723.493031,88.40953592,1.46E+11,70.5631683,17.57468818,15183149.46,-97489068.3,308.8696646,0.036739967,-0.163061183,77.85796491,18.38988839,33246283.61,-216465081,338.1879949,-0.036072242,-0.248655158,3022.987352,0.001068083
H4_remelt,199,1200,92.13,0.06,0.03,6.42,192428,1728.080945,90.98079792,1.44E+11,69.00627685,17.61592463,14930163.13,-95889617.08,310.3208005,0.04339839,-0.181917041,73.814514,18.40579013,32595843.09,-212304236.7,338.7731104,-0.03657873,-0.245831484,3031.463835,0.001132856
H4_remelt,199,1200,92.13,0.06,0.03,6.45,199096,1721.01065,91.05976702,1.48E+11,71.12752886,17.56993334,15366909.44,-98548149.79,308.7025575,0.006544783,-0.207983022,68.69092715,18.40468806,33721165.76,-219628240.9,338.7325427,-0.031065006,-0.250348955,3011.97529,0.001054736
H4_remelt,199,1200,92.13,0.06,0.03,6.48,194560,1720.393269,86.83544818,1.44E+11,73.08702222,17.53524693,14957644.6,-95907578.24,307.484885,0.016333416,-0.188305433,74.11518246,18.43932141,33077054.12,-215511581.9,340.008574,-0.03962363,-0.258889177,3004.994121,0.001192397
H4_remelt,199,1200,92.13,0.06,0.03,6.51,187392,1724.867725,84.70885778,1.40E+11,74.30790799,17.56575668,14456800.51,-92770835.57,308.5558078,0.047968651,-0.179631789,76.98261668,18.37596502,31639927.35,-205946242.6,337.6760905,-0.031307151,-0.252238651,3031.273197,0.001109937
H4_remelt,199,1200,92.13,0.06,0.03,6.54,194557,1727.074522,88.16502029,1.45E+11,70.71782253,17.52172572,14934248.59,-95777397.5,307.0108723,0.035056269,-0.169295586,73.66391461,18.43961208,33077793.75,-215707331.7,340.0192935,-0.03907485,-0.236304746,3029.922662,0.000925145
H4_remelt,199,1200,92.13,0.06,0.03,6.57,195003,1728.446777,91.62170701,1.46E+11,77.24423199,17.55161847,15019878.09,-96379341.02,308.0593109,0.025905034,-0.171938166,70.07882967,18.41441914,33063215.41,-215296178,339.0908322,-0.034907992,-0.255431412,3037.849715,0.001210194
H4_remelt,199,1200,92.13,0.06,0.03,6.6,194862,1722.382976,90.03798649,1.45E+11,76.73248977,17.51605881,14947897.14,-95821261.8,306.8123164,0.027656649,-0.185847792,75.45018957,18.46035053,33204203.56,-216430367,340.7845416,-0.045131375,-0.251893314,3009.793279,0.001057126
H4_remelt,199,1200,92.13,0.06,0.03,6.63,194560,1720.630577,85.50864768,1.44E+11,69.08619813,17.54039311,14966388.04,-96000159.18,307.6653904,0.018737025,-0.174594897,74.9279518,18.43172947,33049829.18,-215403944.8,339.7286513,-0.041755462,-0.243683912,3006.74636,0.001120442
H4_remelt,199,1200,92.13,0.06,0.03,6.66,188416,1725.609543,84.36786321,1.41E+11,72.07788312,17.55627936,14520118.65,-93117070.7,308.2229451,0.036173154,-0.196346809,75.7476395,18.46913576,32136232.74,-209469716.3,341.1089756,-0.042068862,-0.254081793,3013.804487,0.001040218
H4_remelt,199,1200,92.13,0.06,0.03,6.69,196143,1728.558042,91.79048925,1.47E+11,69.44254922,17.49137689,15004008.89,-96152007.82,305.9482655,0.02554276,-0.189456353,70.10127615,18.47092832,33460852.99,-218232620.7,341.1751929,-0.037866543,-0.242611555,3031.958119,0.001162376
H4_remelt,199,1200,92.13,0.06,0.03,6.72,196471,1725.806607,92.08311203,1.47E+11,72.28695276,17.51104013,15062906.27,-96486912.53,306.6365265,0.032192004,-0.217859469,78.74383892,18.4818866,33556580.08,-218819411,341.5801325,-0.027103043,-0.250099105,3017.820584,0.001007746
H4_remelt,199,1200,92.13,0.06,0.03,6.75,190452,1722.567168,87.34212833,1.42E+11,69.8054528,17.52089966,14617903.34,-93724162.58,306.981925,0.037513385,-0.16789557,72.60768203,18.46202933,32458474.24,-211705387,340.8465269,-0.040347742,-0.238176785,3009.092682,0.001144609
H4_remelt,199,1200,92.13,0.06,0.03,6.78,193453,1720.652487,86.00055109,1.44E+11,76.41230844,17.50435268,14820094.82,-94948168.76,306.4023627,0.040736495,-0.196704727,72.52432864,18.44340936,32903623.07,-214327391.7,340.1593487,-0.031911508,-0.26503821,3008.110372,0.000909749
H4_remelt,199,1200,92.13,0.06,0.03,6.81,187392,1725.753762,83.80852383,1.40E+11,75.54530356,17.54295591,14419332.53,-92525531.64,307.7553019,0.023434494,-0.179256324,65.25460283,18.47125143,31968971.36,-208649738.5,341.1871295,-0.032725477,-0.231858993,3015.15474,0.000981867
H4_remelt,199,1200,92.13,0.06,0.03,6.84,194560,1729.316303,90.24870414,1.46E+11,77.09528758,17.49555254,14889960.67,-95505973.01,306.0943585,0.015037199,-0.163561504,71.48562629,18.53878945,33434887.02,-218250036,343.6867143,-0.045834957,-0.246038386,3018.54597,0.001120442
H4_remelt,199,1200,92.13,0.06,0.03,6.87,191001,1725.408451,92.16322994,1.43E+11,76.50002808,17.46749844,14570742.76,-93273789.46,305.1135016,0.023751284,-0.1981255,78.24466649,18.47720098,32605730.41,-212504660.3,341.4069561,-0.040821422,-0.268478394,3022.140027,0.000774837
H4_remelt,199,1200,92.13,0.06,0.03,6.9,194165,1722.432773,88.45061674,1.44E+11,67.98353585,17.57600716,14996688.32,-96278826.05,308.9160279,0.040023467,-0.183239078,76.0596725,18.44659425,33036149.86,-215331417.9,340.2768394,-0.039118375,-0.255137672,3006.377476,0.001112416
H4_remelt,199,1200,92.13,0.06,0.03,6.93,196531,1722.614408,87.41593732,1.46E+11,66.95260972,17.46153926,14982754.68,-96021993.21,304.9053532,0.016494298,-0.163649115,74.04223771,18.4337924,33392269.41,-217518068.9,339.8047023,-0.054754187,-0.256938797,3021.964616,0.0011092
H4_remelt,199,1200,92.13,0.06,0.03,6.96,198837,1721.675842,87.30955618,1.48E+11,82.84082689,17.54881621,15310092.42,-98215765.72,307.9609504,0.026597228,-0.187956643,80.19331486,18.48630976,33976884.29,-221476282,341.7436486,-0.041880847,-0.25966495,2997.538314,0.001015872
H4_remelt,199,1200,92.13,0.06,0.03,6.99,195141,1730.574385,90.97982832,1.47E+11,72.70781197,17.45559578,14866215.48,-95258672.72,304.697824,0.034557619,-0.1658372,76.1230741,18.49902221,33391172.4,-217868424.7,342.2138228,-0.044857476,-0.240045296,3036.310673,0.001086355
H4_remelt,199,1200,92.13,0.06,0.03,7.02,187897,1727.196335,89.71907678,1.41E+11,75.1791753,17.5233117,14425700.63,-92420052.63,307.066453,0.018722018,-0.187836717,69.02393039,18.47291514,32061087.58,-208956713.9,341.2485938,-0.044139595,-0.262829004,3022.928741,0.000862142
H4_remelt,199,1200,92.13,0.06,0.03,7.05,195200,1724.867644,91.23374842,1.46E+11,71.53361848,17.47953586,14911612.56,-95494189.52,305.534174,0.025345504,-0.193349338,71.5008658,18.46360294,33273320,-216683724.8,340.9046336,-0.043125999,-0.286351788,3021.885031,0.000901612
H4_remelt,199,1200,92.13,0.06,0.03,7.08,190464,1724.93976,86.13045553,1.42E+11,74.6036107,17.51884543,14615358.56,-93712059.8,306.9099453,0.0232658,-0.190226509,71.29528798,18.54769382,32762628.43,-213915174.3,344.016946,-0.028154453,-0.245514791,2998.135306,0.001123537
H4_remelt,199,1200,92.13,0.06,0.03,7.11,191793,1725.49456,85.93845789,1.43E+11,67.14012123,17.55492633,14777978.58,-94796460.86,308.1754384,0.023621562,-0.186895234,68.20036796,18.45631822,32666962,-212900177.9,340.6356821,-0.047977575,-0.262904434,3016.67844,0.000948905
H4_remelt,199,1200,92.13,0.06,0.03,7.14,195516,1730.578222,92.57230565,1.47E+11,67.98937236,17.48840669,14950933.94,-95682384.66,305.8443684,0.022428368,-0.218562038,72.12436071,18.49526306,33441570.53,-218098878.8,342.0747557,-0.038828585,-0.25514712,3033.97518,0.001186567
H4_remelt,199,1200,92.13,0.06,0.03,7.17,207213,1726.354265,95.35404528,1.55E+11,70.24183078,17.48579342,15840673.12,-101372655.1,305.7529717,0.027210728,-0.217084121,73.92752454,18.45276584,35279706.84,-229908983.8,340.5045673,-0.053808989,-0.253295834,3029.601736,0.001032719
H4_remelt,199,1200,92.13,0.06,0.03,7.2,195990,1722.683265,89.57835077,1.46E+11,80.71235827,17.50892357,15022223.43,-96212993.11,306.5624044,0.031683168,-0.190900012,71.80908002,18.48498744,33485575.44,-218369656.3,341.6947607,-0.055648543,-0.256470555,3005.978182,0.001112268
H4_remelt,199,1200,92.13,0.06,0.03,7.23,197632,1725.899258,89.71400694,1.48E+11,70.43592008,17.4519749,15049818.87,-96328634.41,304.5714278,0.016893603,-0.20086705,74.26974567,18.48731219,33774475.7,-220344675.6,341.7807121,-0.045805592,-0.235567619,3022.790311,0.001113146
H4_remelt,199,1200,92.13,0.06,0.03,7.26,195517,1726.604197,88.51351228,1.46E+11,71.99398857,17.4741526,14926581.19,-95545366.42,305.3460091,0.030570829,-0.213719362,68.39546564,18.46588759,33335824.38,-217232731.3,340.9890045,-0.041876496,-0.258053628,3027.493401,0.001166097
H4_remelt,199,1200,92.13,0.06,0.03,7.29,193536,1731.102695,93.60073408,1.45E+11,72.49729171,17.54598288,14897124.51,-95519540.86,307.8615153,0.019273413,-0.193435777,79.14211429,18.53678166,33251760.45,-216940587.6,343.6122744,-0.029892056,-0.255931939,3020.465738,0.001198706
H4_remelt,199,1200,92.13,0.06,0.03,7.32,191022,1725.166298,91.05970248,1.43E+11,76.18085106,17.53689885,14688252.59,-94138600.53,307.5428212,0.023671857,-0.203713146,72.84867338,18.45713524,32538365.54,-212127131.7,340.6658411,-0.048030116,-0.244891493,3018.197743,0.001141194
H4_remelt,199,1200,92.13,0.06,0.03,7.35,195584,1721.231145,88.78363412,1.45E+11,68.23280057,17.54732472,15057043.88,-96568812.44,307.9086049,0.021726725,-0.191252209,70.76118679,18.50497073,33488377.17,-218458339.4,342.4339418,-0.044373558,-0.255368902,2992.277247,0.001022547
H4_remelt,199,1200,92.13,0.06,0.03,7.38,188919,1726.513167,85.99568449,1.41E+11,74.97663982,17.5621898,14568721.55,-93346719.03,308.4305105,0.016535644,-0.231079042,73.57378722,18.52176025,32406133.72,-211521194.9,343.0556026,-0.031415233,-0.24639452,3004.791736,0.000952754
H4_remelt,199,1200,92.13,0.06,0.03,7.41,191173,1730.389246,87.61250714,1.43E+11,76.0331974,17.53524501,14697161.36,-94164037.96,307.4848174,0.019891308,-0.226904407,75.03576623,18.48686913,32669344.43,-213165903.2,341.7643301,-0.038547853,-0.239715164,3029.269483,0.001035673
H4_remelt,199,1200,92.13,0.06,0.03,7.44,194052,1730.326793,92.98547374,1.46E+11,71.02728437,17.61908942,15061554.99,-96691650.3,310.432312,0.019513037,-0.205306645,69.08715722,18.51205455,33251604.97,-217082121.9,342.6961637,-0.051772105,-0.236043867,3015.40798,0.001092457
H4_remelt,199,1200,92.13,0.06,0.03,7.47,188328,1726.599999,88.05814124,1.41E+11,68.9997088,17.64952288,14667946.13,-94263155.3,311.505658,0.021111725,-0.185408767,74.30184544,18.47902331,32155617.76,-209684379.5,341.4743025,-0.049605662,-0.254359725,3005.717785,0.001030085
H4_remelt,199,1200,92.13,0.06,0.03,7.5,196519,1721.314905,88.21324965,1.46E+11,71.6094293,17.49431464,15037820.86,-96326634.19,306.0510446,0.025827216,-0.204824494,77.70701659,18.4907574,33596971.67,-219156618.8,341.9081094,-0.042309282,-0.242450455,3001.260214,0.001109268
H4_remelt,199,1200,92.13,0.06,0.03,7.53,203156,1728.537698,91.60881727,1.52E+11,71.5928241,17.60435108,15741914,-100989530.3,309.913177,0.028467835,-0.196780496,78.64338785,18.554611,34971781.59,-228390610.1,344.2735893,-0.046089657,-0.247036214,3000.979244,0.001102568
H4_remelt,199,1200,92.13,0.06,0.03,7.56,193536,1731.14451,89.92687158,1.45E+11,73.24414631,17.62260635,15027513.34,-96467137.05,310.5562547,0.032603694,-0.210233691,69.27196689,18.50924959,33153002.91,-216278079.1,342.5923205,-0.044693229,-0.250386836,3017.950981,0.001085036
H4_remelt,199,1200,92.13,0.06,0.03,7.59,196510,1728.532674,93.15957657,1.47E+11,70.0394111,17.61384764,15243090.23,-97888154.33,310.2476287,0.016002209,-0.184822203,72.86865264,18.51963925,33700275.65,-219918669.6,342.9770378,-0.045241991,-0.251030258,3008.052828,0.001068615
H4_remelt,199,1200,92.13,0.06,0.03,7.62,194624,1725.967721,91.45503519,1.45E+11,67.47446734,17.50833846,14916655.89,-95592221.49,306.5419157,0.024250637,-0.188281219,71.57966552,18.53589904,33435936.34,-218128212.1,343.5795531,-0.042039984,-0.27242396,3006.382702,0.000780969
H4_remelt,199,1200,92.13,0.06,0.03,7.65,199014,1720.497148,89.63131859,1.48E+11,69.21246419,17.60420657,15420455.04,-98929465.63,309.908089,0.020275304,-0.20988045,69.34027843,18.5493554,34239494.02,-223677542.6,344.0785859,-0.044185775,-0.232848633,2974.004654,0.001155663
H4_remelt,199,1200,92.13,0.06,0.03,7.68,186159,1729.283779,86.49759511,1.40E+11,71.97919567,17.61765188,14447019.88,-92836995.93,310.3816579,0.044342229,-0.177471956,78.39522807,18.52588402,31946912,-208446445.9,343.2083788,-0.052838467,-0.25466204,3007.66601,0.00107431
H4_remelt,199,1200,92.13,0.06,0.03,7.71,196005,1731.69702,91.43539008,1.47E+11,68.48493085,17.47648411,14967799.25,-95848901.09,305.4274968,0.023833436,-0.200554042,68.07002513,18.51311783,33590407.84,-219094099.8,342.7355317,-0.045406569,-0.25963605,3034.866124,0.001020346
H4_remelt,199,1200,92.13,0.06,0.03,7.74,191379,1729.083375,91.18610354,1.43E+11,67.2960536,17.613484,14844739.05,-95240781,310.2348188,0.022409548,-0.215856745,74.16631594,18.46366603,32622533.44,-212777088.3,340.9069633,-0.030624427,-0.236928212,3022.217382,0.00118086
H4_remelt,199,1200,92.13,0.06,0.03,7.77,192512,1725.156351,91.48527696,1.44E+11,74.8721964,17.56754309,14854737.66,-95253041.02,308.6185704,0.017483233,-0.198964327,72.13796852,18.46782557,32830150.71,-213867407,341.0605814,-0.052275176,-0.271820881,3012.580704,0.000903812
H4_remelt,199,1200,92.13,0.06,0.03,7.8,195072,1723.037479,87.01107219,1.45E+11,69.88347482,17.59674315,15102354.92,-96909762.97,309.6453693,0.030798447,-0.199152147,73.92964782,18.43488605,33148169.83,-215937419.2,339.8450238,-0.044029377,-0.244721774,3008.658999,0.001209773
H4_remelt,199,1200,92.13,0.06,0.03,7.83,196224,1726.321961,87.74105323,1.47E+11,72.43719931,17.54356863,15099895.62,-96753519.17,307.7768003,0.026173575,-0.221338264,68.00284585,18.46231045,33443187.41,-218068945,340.8569073,-0.036812126,-0.248620193,3019.764428,0.000998828
H4_remelt,199,1200,92.13,0.06,0.03,7.86,194560,1734.167895,92.27993922,1.47E+11,71.4829698,17.57144195,15019446.75,-96316539.55,308.7555724,0.016553495,-0.200779301,71.00963312,18.44309479,33090599.1,-215564620.3,340.1477456,-0.045927245,-0.260431125,3049.388318,0.00100737
H4_remelt,199,1200,92.13,0.06,0.03,7.89,192918,1728.121861,92.78684065,1.44E+11,71.79780534,17.5970818,14936016.71,-95730315.51,309.6572878,0.014973279,-0.226957122,69.08265073,18.47450061,32923192.26,-214549285.1,341.307173,-0.046574781,-0.262090045,3018.468873,0.001119612
H4_remelt,199,1200,92.13,0.06,0.03,7.92,195499,1722.83422,88.8996651,1.45E+11,70.39103222,17.52961992,15020256.33,-96267371.09,307.2875746,0.049307728,-0.182061999,70.85592569,18.54555087,33620967.35,-219664157.3,343.9374572,-0.04510192,-0.221656635,2990.670172,0.001329882
H4_remelt,199,1200,92.13,0.06,0.03,7.95,193629,1723.339222,86.05047548,1.44E+11,71.8982446,17.58819291,14975999.89,-96128556.45,309.3445299,0.040004096,-0.184777419,68.68391545,18.4930852,33111224.26,-215857373.6,341.9942002,-0.033761491,-0.265276802,2997.411136,0.00107418
H4_remelt,199,1200,92.13,0.06,0.03,7.98,189440,1725.028097,86.09600227,1.41E+11,70.65918762,17.52254513,14542944.45,-93256552.37,307.0395877,0.010207233,-0.179612109,69.5776183,18.47160875,32319536.75,-210631755.6,341.2003299,-0.047383015,-0.270804841,3015.123398,0.000876239
H4_remelt,199,1200,92.13,0.06,0.03,8.01,194998,1731.702501,92.85183741,1.47E+11,76.76694338,17.54401104,15006125.05,-96180414.07,307.7923235,0.017371998,-0.204215929,71.73926325,18.50397584,33384691.97,-217817584.6,342.3971219,-0.038458678,-0.242601549,3029.986282,0.001169207
H4_remelt,199,1200,92.13,0.06,0.03,8.04,202752,1728.054629,95.75767531,1.52E+11,79.58884363,17.51805065,15556997.19,-99641470.28,306.8820985,0.029286414,-0.209645991,76.54767323,18.53794789,34839478.75,-227406755.1,343.655512,-0.043382702,-0.247136003,3012.966403,0.001124493
H4_remelt,199,1200,92.13,0.06,0.03,8.07,194944,1721.066889,88.96323333,1.45E+11,76.7863323,17.56308566,15034794.21,-96468079.06,308.4619779,0.02978205,-0.182280435,72.9963383,18.51162812,33402852.62,-217986778.9,342.6803756,-0.044875767,-0.236927257,2988.585989,0.001220826
H4_remelt,199,1200,92.13,0.06,0.03,8.1,195586,1722.763684,86.77987532,1.46E+11,69.76923927,17.57287386,15100941.37,-96824050.22,308.8058957,0.020448986,-0.210903073,73.72650913,18.54133667,33620609.72,-219527866.3,343.7811657,-0.042472081,-0.24358573,2986.404479,0.001165692
H4_remelt,199,1200,92.13,0.06,0.03,8.13,194620,1729.897869,89.79467273,1.46E+11,68.34829051,17.61813595,15104035.51,-96855290.42,310.3987144,0.043110595,-0.233295384,76.38546467,18.5643842,33537660.74,-218831187.8,344.6363607,-0.047774848,-0.268678053,3001.738843,0.00105844
H4_remelt,199,1200,92.13,0.06,0.03,8.16,195584,1732.374021,93.60941311,1.47E+11,72.45289872,17.56063857,15079923.39,-96657766.99,308.3760268,0.04654365,-0.209983857,75.57645369,18.59347618,33809640.01,-220860942.9,345.7173564,-0.030254389,-0.250513125,3010.586563,0.001114576
H4_remelt,199,1200,92.13,0.06,0.03,8.19,187904,1726.615286,89.37349585,1.40E+11,67.79474184,17.60069338,14553984.91,-93347511.25,309.7844073,0.033489251,-0.227429326,70.75897595,18.56419041,32379636.96,-211588395.8,344.6291655,-0.05487877,-0.238099821,2992.205468,0.001011122
H4_remelt,199,1200,92.13,0.06,0.03,8.22,195950,1720.930117,87.81612725,1.45E+11,73.37278915,17.5811648,15143297.67,-97210887.36,309.0973558,0.029504931,-0.171025719,71.77572184,18.56173443,33757217.44,-220525058.9,344.5379852,-0.042076957,-0.235646303,2974.867237,0.00126559
H4_remelt,199,1200,92.13,0.06,0.03,8.25,192950,1724.449237,87.14040275,1.44E+11,74.14661206,17.52680852,14819417.72,-94963359.34,307.1890168,0.023705723,-0.208383289,75.77481979,18.5506696,33200824.86,-216625817.8,344.1273426,-0.024092248,-0.268821381,2995.086348,0.001026141
H4_remelt,199,1200,92.13,0.06,0.03,8.28,195200,1724.235913,86.58669307,1.45E+11,66.39795125,17.51893335,14978945.57,-95949663.95,306.9130256,0.040375847,-0.215093107,72.50550061,18.60741972,33793707.55,-220866397.7,346.2360687,-0.04430115,-0.248819596,2982.463452,0.001075787
H4_remelt,199,1200,92.13,0.06,0.03,8.31,194560,1731.114562,92.73629207,1.46E+11,70.50093297,17.5517932,14985892.34,-96080007.85,308.0654444,0.027210175,-0.209860773,76.8430601,18.56889961,33543633.93,-219179777.8,344.8040327,-0.034746862,-0.234485681,3012.508754,0.001284911
H4_remelt,199,1200,92.13,0.06,0.03,8.34,187326,1726.602258,89.38431927,1.40E+11,71.55630629,17.48988906,14327175.96,-91788722.15,305.8962195,0.021464833,-0.177105001,67.71824132,18.5496571,32229703.63,-210444879.7,344.0897786,-0.043455395,-0.241536719,3007.065602,0.001227767
H4_remelt,199,1200,92.13,0.06,0.03,8.37,195260,1721.874234,88.85966019,1.45E+11,69.77051788,17.5747229,15079078.76,-96664072.09,308.870885,0.036692722,-0.222902208,71.1412449,18.57466962,33685190.32,-219924470.3,345.0183515,-0.03879481,-0.265167334,2976.144362,0.000942304
H4_remelt,199,1200,92.13,0.06,0.03,8.4,188652,1726.780873,84.54601467,1.41E+11,73.18230583,17.52890421,14492959.95,-92946121.29,307.2624828,0.026296729,-0.187156925,72.93077986,18.57896533,32560294.34,-212594305.1,345.1779526,-0.051403154,-0.269951772,2996.209098,0.000954107
H4_remelt,199,1200,92.13,0.06,0.03,8.43,194402,1727.753283,90.13230381,1.45E+11,73.90734992,17.51925203,14918169.9,-95547530.86,306.9241918,0.018432067,-0.219607654,71.51618428,18.5775771,33547677.76,-219110851.2,345.1263708,-0.045204984,-0.249946939,3001.849302,0.001080202
H4_remelt,199,1200,92.13,0.06,0.03,8.46,195072,1731.930041,94.07247904,1.47E+11,74.58414469,17.50945923,14952903.83,-95831280.46,306.5811627,0.039536098,-0.194916592,69.83016966,18.60473075,33761837.77,-220637545.2,346.1360062,-0.035806107,-0.245393471,3012.02911,0.001138006
H4_remelt,199,1200,92.13,0.06,0.03,8.49,190349,1724.190498,89.52071294,1.42E+11,76.72367868,17.58319494,14713975.05,-94370493.13,309.1687444,0.029590544,-0.209462104,71.48702426,18.52242881,32653715.93,-213026690.9,343.0803689,-0.048986662,-0.262711389,2994.962588,0.001134716
H4_remelt,199,1200,92.13,0.06,0.03,8.52,195388,1725.40187,90.30314705,1.46E+11,68.01815378,17.57361257,15087435.01,-96790720.46,308.8318587,0.039490218,-0.188011784,72.21118705,18.61758699,33863205.29,-221354938.5,346.6145455,-0.040157515,-0.241090791,2979.150872,0.001084987
H4_remelt,199,1200,92.13,0.06,0.03,8.55,191398,1725.056764,87.62597132,1.43E+11,69.8649897,17.530232,14705971.85,-94311066.81,307.3090341,0.008091016,-0.187473725,69.37762747,18.56826508,32996342.07,-215503304.9,344.7804683,-0.04109907,-0.251706167,2992.986223,0.001034461
H4_remelt,199,1200,92.13,0.06,0.03,8.58,194453,1728.996007,89.88003961,1.46E+11,70.62366308,17.55069993,14975797.12,-96097949.78,308.0270679,0.011164119,-0.162566466,73.33409055,18.58437806,33581237.39,-219511500.7,345.3791078,-0.055765001,-0.22156192,3001.269114,0.001213617
H4_remelt,199,1200,92.13,0.06,0.03,8.61,191488,1731.169071,91.64513293,1.44E+11,72.11905381,17.50358347,14668448.74,-93977251.95,306.3754341,0.040116041,-0.197485959,69.38799706,18.6114266,33165481.7,-216668508.1,346.3852,-0.031220725,-0.259209941,3008.051187,0.001002642
H4_remelt,199,1200,92.13,0.06,0.03,8.64,197504,1723.571658,90.76096182,1.47E+11,64.47403622,17.54824647,15206433.33,-97467070.85,307.9409543,0.046993253,-0.212797915,70.83741716,18.58850524,34123077.26,-222804681.6,345.5325272,-0.039681867,-0.269677824,2982.046184,0.000982229
H4_remelt,199,1200,92.13,0.06,0.03,8.67,191445,1728.898543,91.98911632,1.43E+11,67.48833197,17.55055746,14743886.43,-94515610.97,308.0220673,0.043040164,-0.199752909,76.2627065,18.52798435,32861504.11,-214422411.9,343.2862039,-0.053986394,-0.249997071,3013.961875,0.001201346
H4_remelt,199,1200,92.13,0.06,0.03,8.7,188773,1727.906796,86.80002702,1.41E+11,70.32138434,17.52633091,14497935.02,-92848021.34,307.1722753,0.012213146,-0.22171481,75.29220719,18.60833083,32684792.95,-213562816.4,346.2699763,-0.040606574,-0.253858214,2994.164973,0.001154783
H4_remelt,199,1200,92.13,0.06,0.03,8.73,192932,1735.659106,93.17080205,1.46E+11,68.59976179,17.56487582,14882622.45,-95462145.69,308.5248625,0.022376007,-0.190632135,74.96717597,18.5825498,33311822.06,-217685115.1,345.3111571,-0.036114372,-0.243450307,3023.923718,0.001046968
H4_remelt,199,1200,92.13,0.06,0.03,8.76,192439,1729.863288,93.07251477,1.44E+11,73.41821439,17.5526934,14824211.06,-95073432.99,308.0970457,0.01733809,-0.200048804,72.83320229,18.59766698,33280959.22,-217375252.8,345.8732171,-0.043914519,-0.256727155,3001.702725,0.00115357
H4_remelt,199,1200,92.13,0.06,0.03,8.79,195870,1723.352791,90.06836389,1.46E+11,76.8121777,17.50087332,14999261.99,-96144459.39,306.280567,0.020565718,-0.158011835,74.2806533,18.57191932,33780427.74,-220637421.8,344.9161872,-0.045240904,-0.246307299,2989.79792,0.001194633
H4_remelt,199,1200,92.13,0.06,0.03,8.82,195517,1723.754441,90.00286539,1.46E+11,72.71713867,17.51856455,15002533.03,-96132414.25,306.900104,0.037308678,-0.19451783,73.01282888,18.58681342,33773802.29,-220598873.2,345.469633,-0.041475617,-0.256093275,2986.006427,0.001125182
H4_remelt,199,1200,92.13,0.06,0.03,8.85,192981,1724.147319,86.08173739,1.44E+11,76.28985536,17.56904678,14893397.17,-95505939.95,308.6714046,0.030765847,-0.20754792,70.32733085,18.61866754,33450155.96,-218594978.6,346.654781,-0.029649693,-0.250395711,2974.327046,0.001202147
H4_remelt,199,1200,92.13,0.06,0.03,8.88,195517,1731.870839,93.23972346,1.47E+11,77.04421726,17.51272826,14992512.58,-96040750.39,306.6956512,0.021000759,-0.217287982,84.92173311,18.63122036,33935417.26,-221982585,347.1223721,-0.033400494,-0.235554637,3005.369458,0.001084266
H4_remelt,199,1200,92.13,0.06,0.03,8.91,199680,1725.726681,94.59019587,1.49E+11,72.34912133,17.55700437,15389304.17,-98605680.17,308.2484024,0.041188651,-0.217102835,72.7200534,18.50377694,34185496.23,-223189483.9,342.3897612,-0.041664544,-0.231458874,3008.180809,0.001221918
H4_remelt,199,1200,92.13,0.06,0.03,8.94,197120,1719.129078,88.84984469,1.46E+11,67.57645271,17.36642825,14864031.51,-94967256.79,301.59283,0.024973848,-0.208186443,71.2496455,18.62992762,34208676.1,-223680107.4,347.0742032,-0.046485303,-0.245787071,2976.118548,0.001136329
H4_remelt,199,1200,92.13,0.06,0.03,8.97,192392,1721.773762,85.4251802,1.43E+11,70.0104154,17.47833788,14695120.88,-94176009.31,305.4922951,0.028591649,-0.179259552,75.52427707,18.56814369,33167119.67,-216478626.2,344.7759599,-0.036757701,-0.274316378,2986.751284,0.00089398
H4_remelt,199,1200,92.13,0.06,0.03,9,191356,1723.767029,84.58967621,1.43E+11,70.50063282,17.50766302,14665535.84,-93992391.11,306.5182645,0.029670565,-0.192401789,74.9604527,18.5304226,32854613.65,-214423153.1,343.3765617,-0.047611933,-0.249575912,2998.826897,0.001191459
H4_remelt,199,1200,92.13,0.06,0.03,9.03,196544,1730.091302,92.89106796,1.48E+11,68.02754696,17.48133116,15017441.34,-96145677.2,305.596939,0.030797226,-0.207535249,78.83025476,18.58479022,33943641.71,-221571789,345.3944276,-0.056467597,-0.264279887,3012.875522,0.000997202
H4_remelt,199,1200,92.13,0.06,0.03,9.06,188328,1726.498016,90.25996262,1.41E+11,68.83665632,17.5013492,14422618.37,-92333475.92,306.2972237,0.048405209,-0.224712349,70.09666195,18.55186141,32409620.72,-211653036.2,344.1715618,-0.045330159,-0.243164844,3005.201693,0.001061943
H4_remelt,199,1200,92.13,0.06,0.03,9.09,195584,1719.225039,88.90718977,1.45E+11,70.63202458,17.48620136,14952543.7,-95801709.84,305.7672381,0.025057843,-0.186487362,75.59773605,18.60080818,33836098.41,-221106580.3,345.9900649,-0.042823083,-0.252684769,2970.46434,0.001104351
H4_remelt,199,1200,92.13,0.06,0.03,9.12,195952,1720.506319,87.77052058,1.45E+11,71.37978301,17.59777955,15172299.9,-97392371.04,309.681845,0.047394806,-0.18479873,69.99584855,18.65823672,34109591.54,-222984044.2,348.1297976,-0.041454232,-0.259265843,2950.448088,0.001000214
H4_remelt,199,1200,92.13,0.06,0.03,9.15,199573,1720.051739,86.27154377,1.48E+11,75.36712431,17.50647788,15292916.1,-97968808.36,306.4767679,0.035862605,-0.206510888,70.32299671,18.63760429,34663083.75,-226623612.4,347.3602937,-0.0270896,-0.251379732,2962.577158,0.001182483
H4_remelt,199,1200,92.13,0.06,0.03,9.18,195501,1729.035587,93.09638114,1.47E+11,69.22572823,17.523644,15009987.08,-96291165.99,307.0780992,0.032581704,-0.172546459,68.44323164,18.63606405,33950267.79,-221934679.2,347.3028834,-0.038125516,-0.26287795,2993.316343,0.000982057
H4_remelt,199,1200,92.13,0.06,0.03,9.21,187279,1726.58015,88.87186954,1.40E+11,67.44766114,17.54623036,14416082.16,-92383322.24,307.8701999,0.02482861,-0.223092779,73.15228138,18.54319667,32199183.86,-210216738.5,343.8501426,-0.034472024,-0.240407434,3002.425395,0.00112128
H4_remelt,199,1200,92.13,0.06,0.03,9.24,196522,1718.658042,86.71542198,1.46E+11,68.94439777,17.56125562,15153123.85,-97183509.22,308.3976991,0.034207762,-0.199235935,70.96094775,18.57197676,33893053.9,-221381633.5,344.9183206,-0.047598705,-0.247711604,2966.667929,0.001078727
H4_remelt,199,1200,92.13,0.06,0.03,9.27,189440,1723.602722,83.90440352,1.41E+11,68.2044921,17.48632723,14483021.45,-92762211.5,305.77164,0.027567649,-0.199935403,72.50475862,18.64874424,32942468.85,-215492555.8,347.7756618,-0.035098384,-0.235608716,2974.048106,0.001140167
H4_remelt,199,1200,92.13,0.06,0.03,9.3,191138,1726.212871,88.04044357,1.43E+11,67.03197273,17.59049743,14787213.97,-94747544.66,309.4255998,0.019165718,-0.234972598,71.01005005,18.59492548,33046050.38,-215886810.1,345.7712538,-0.05403345,-0.254772752,2984.79734,0.001014942
H4_remelt,199,1200,92.13,0.06,0.03,9.33,195584,1732.340146,93.53992375,1.47E+11,73.45296074,17.52172576,15013160.66,-96262015.24,307.0108735,0.016013101,-0.189107854,70.97106779,18.59926141,33830555.97,-220989083.9,345.932525,-0.049009416,-0.258489455,3013.281902,0.000950969
H4_remelt,199,1200,92.13,0.06,0.03,9.36,187904,1726.722357,89.05341626,1.40E+11,71.78055679,17.61336695,14574955.96,-93389828.84,310.2306953,0.042493772,-0.247059509,70.36451931,18.64419708,32659345.57,-213623359.1,347.6060849,-0.041683041,-0.24035332,2973.46893,0.00116013
H4_remelt,199,1200,92.13,0.06,0.03,9.39,195513,1720.109175,86.98127558,1.45E+11,75.10834425,17.56838615,15087857.12,-96778246.74,308.648192,0.032758731,-0.206605121,77.74592703,18.60458005,33837874.45,-221174689.6,346.1303987,-0.032058992,-0.23827311,2963.750523,0.001135434
H4_remelt,199,1200,92.13,0.06,0.03,9.42,198144,1725.372297,91.8852005,1.48E+11,68.07526164,17.53950894,15240552.59,-97638263.05,307.6343737,0.025852378,-0.233899997,71.69853812,18.56824431,34159209.4,-223048800.7,344.7796966,-0.055145728,-0.259288572,2993.887823,0.000928589
H4_remelt,199,1200,92.13,0.06,0.03,9.45,196971,1725.66083,90.26626127,1.47E+11,78.28053683,17.59267852,15242499.94,-97718322.64,309.5023374,0.027621177,-0.219121434,72.78736182,18.62079715,34149604.04,-223319613.5,346.7340866,-0.04821533,-0.238051519,2977.341336,0.001208257
H4_remelt,199,1200,92.13,0.06,0.03,9.48,194048,1730.383523,92.2308103,1.46E+11,74.663231,17.62981473,15079617.27,-96956300.86,310.8103673,0.032535061,-0.153780311,69.45983279,18.60378588,33581164.61,-219456216,346.1008489,-0.052464774,-0.249212554,2993.861242,0.001113092
H4_remelt,199,1200,92.13,0.06,0.03,9.51,204123,1723.523005,92.95897717,1.52E+11,71.58667127,17.60865275,15824576.14,-101500196.4,310.0646518,0.035276841,-0.221635349,73.4120417,18.6353475,35444963.54,-231818508.8,347.2761763,-0.049381807,-0.246717946,2965.602385,0.000960172
H4_remelt,199,1200,92.13,0.06,0.03,9.54,195584,1719.704639,87.27541594,1.45E+11,66.23955554,17.51595347,15003335.24,-96220679.65,306.8086259,0.020565884,-0.187589542,69.20690083,18.64462194,33995686.6,-222192714.1,347.6219273,-0.040326684,-0.253775499,2959.069603,0.001124802
H4_remelt,199,1200,92.13,0.06,0.03,9.57,187707,1723.259039,83.92950693,1.40E+11,78.02095618,17.54355311,14444892.62,-92552290.98,307.7762558,0.031633403,-0.214051805,74.75789531,18.61481915,32522612.08,-212626229,346.5114921,-0.037941171,-0.239633924,2974.415691,0.001150687
H4_remelt,199,1200,92.13,0.06,0.03,9.6,194468,1725.473895,88.69476269,1.45E+11,72.90296168,17.5273947,14937143.72,-95728515.08,307.2095651,0.037099178,-0.197401994,71.58782992,18.61153323,33681854.23,-220128108.7,346.3891693,-0.05292612,-0.25136902,2985.311245,0.001069552
H4_remelt,199,1200,92.13,0.06,0.03,9.63,193977,1728.201652,93.05693257,1.45E+11,79.40387315,17.49905999,14851365.97,-95216818.69,306.2171004,0.043126931,-0.163850509,88.93277387,18.68167179,33850709.11,-221406141.7,349.0048607,-0.051517689,-0.260745957,2982.850747,0.000855741
H4_remelt,199,1200,92.13,0.06,0.03,9.66,190375,1720.720197,87.55317798,1.41E+11,72.68863293,17.51724401,14606011.96,-93648609.85,306.8538376,0.037636581,-0.192008241,71.86668082,18.62630669,33025609.2,-215717745.6,346.9393009,-0.050479561,-0.277401808,2966.510509,0.000913952
H4_remelt,199,1200,92.13,0.06,0.03,9.69,196096,1721.829565,88.5590839,1.46E+11,76.68235398,17.49840426,15012393.35,-96165082.67,306.1941517,0.037996223,-0.18941713,72.52082664,18.59008665,33885576.46,-221321695.1,345.5913217,-0.038867786,-0.258879872,2980.505172,0.00099948
H4_remelt,199,1200,92.13,0.06,0.03,9.72,193152,1721.154069,85.01721666,1.43E+11,69.98209808,17.49609809,14783232.25,-94589536.24,306.1134485,0.016139052,-0.227992021,75.95453364,18.65470024,33609578.47,-219874619.2,347.9978411,-0.050380524,-0.251314868,2963.474424,0.000994005
H4_remelt,199,1200,92.13,0.06,0.03,9.75,195372,1729.235572,92.48261632,1.46E+11,70.20445293,17.55849432,15059919.86,-96554537.25,308.3007229,0.011043837,-0.212199858,75.45872365,18.65854144,34009573.01,-222380151.3,348.1411685,-0.044874867,-0.249527891,2985.272492,0.001156732
H4_remelt,199,1200,92.13,0.06,0.03,9.78,196525,1725.901672,93.39789809,1.47E+11,77.35974679,17.54461908,15125098.56,-96974587.07,307.8136585,0.020569323,-0.19826044,76.52746681,18.70375118,34376427.88,-225062893.9,349.8303083,-0.046097497,-0.246482021,2965.399914,0.001129587
H4_remelt,199,1200,92.13,0.06,0.03,9.81,195584,1722.21868,89.60669477,1.45E+11,71.04621674,17.51393777,15000166.33,-96170752.27,306.738016,0.023319263,-0.172730272,75.12382542,18.63346622,33955021.13,-222032057.4,347.2060633,-0.047587564,-0.253762138,2970.774609,0.001002096
H4_remelt,199,1200,92.13,0.06,0.03,9.84,193935,1720.084389,86.78501698,1.44E+11,70.70035556,17.5944658,15010555.76,-96299324.63,309.5652267,0.025883118,-0.197175618,69.19846481,18.5936337,33525137.18,-218904110.9,345.7232142,-0.04557011,-0.253930541,2963.368342,0.001185922
H4_remelt,199,1200,92.13,0.06,0.03,9.87,186368,1722.16258,83.33376587,1.39E+11,65.71983141,17.55156156,14354753.97,-92002696.58,308.0573133,0.025095101,-0.220158103,74.13720252,18.58925851,32201751.97,-210345405.5,345.5605321,-0.05594942,-0.247732422,2975.374149,0.001040918
H4_remelt,199,1200,92.13,0.06,0.03,9.9,197632,1725.185931,93.25504385,1.47E+11,70.9430551,17.59400622,15295765.72,-98019955.04,309.5490548,0.018112355,-0.235703697,82.65140243,18.52865106,33926034.48,-221380425.8,343.3109102,-0.046726053,-0.235424687,2996.557951,0.001305417
H4_remelt,199,1200,92.13,0.06,0.03,9.93,193536,1724.801847,91.98240999,1.44E+11,70.0627598,17.5791905,14953555.78,-95846314.75,309.0279386,0.024807863,-0.218791437,71.52046883,18.56851859,33365683.95,-217884447.3,344.7898826,-0.050572901,-0.244371858,2987.709423,0.001033367
H4_remelt,199,1200,92.13,0.06,0.03,9.96,190625,1720.267413,87.30020563,1.41E+11,69.6995602,17.62485417,14805301.81,-94939989.05,310.6354844,0.029482671,-0.246143369,76.50581814,18.51464211,32673645.45,-213015668.1,342.7919725,-0.04318819,-0.271025644,2978.317705,0.000954719
H4_remelt,199,1200,92.13,0.06,0.03,9.99,193894,1721.52836,86.6522919,1.44E+11,69.42265598,17.6164109,15044655.4,-96511815.74,310.3379331,0.030116047,-0.226928898,73.91818426,18.58582934,33489781.94,-218641231.7,345.4330522,-0.037674368,-0.258489148,2967.713549,0.000917999
